"rgn_id","product","year","usd"
2,"fish_oil",1976,1223
11,"fish_oil",1976,1223
5,"fish_oil",1976,1223
4,"fish_oil",1976,1223
3,"fish_oil",1976,1223
14,"fish_oil",1976,1223
7,"fish_oil",1976,1223
1,"fish_oil",1976,1223
8,"fish_oil",1976,1223
9,"fish_oil",1976,1223
10,"fish_oil",1976,1223
13,"fish_oil",1976,1223
12,"fish_oil",1976,1223
6,"fish_oil",1976,1223
2,"fish_oil",1977,1278.75
11,"fish_oil",1977,1278.75
5,"fish_oil",1977,1278.75
4,"fish_oil",1977,1278.75
3,"fish_oil",1977,1278.75
14,"fish_oil",1977,1278.75
7,"fish_oil",1977,1278.75
1,"fish_oil",1977,1278.75
8,"fish_oil",1977,1278.75
9,"fish_oil",1977,1278.75
10,"fish_oil",1977,1278.75
13,"fish_oil",1977,1278.75
12,"fish_oil",1977,1278.75
6,"fish_oil",1977,1278.75
2,"fish_oil",1978,1353.75
11,"fish_oil",1978,1353.75
5,"fish_oil",1978,1353.75
4,"fish_oil",1978,1353.75
3,"fish_oil",1978,1353.75
14,"fish_oil",1978,1353.75
7,"fish_oil",1978,1353.75
1,"fish_oil",1978,1353.75
8,"fish_oil",1978,1353.75
9,"fish_oil",1978,1353.75
10,"fish_oil",1978,1353.75
13,"fish_oil",1978,1353.75
12,"fish_oil",1978,1353.75
6,"fish_oil",1978,1353.75
2,"fish_oil",1979,1428.5
11,"fish_oil",1979,1428.5
5,"fish_oil",1979,1428.5
4,"fish_oil",1979,1428.5
3,"fish_oil",1979,1428.5
14,"fish_oil",1979,1428.5
7,"fish_oil",1979,1428.5
1,"fish_oil",1979,1428.5
8,"fish_oil",1979,1428.5
9,"fish_oil",1979,1428.5
10,"fish_oil",1979,1428.5
13,"fish_oil",1979,1428.5
12,"fish_oil",1979,1428.5
6,"fish_oil",1979,1428.5
2,"fish_oil",1980,1563.25
11,"fish_oil",1980,1563.25
5,"fish_oil",1980,1563.25
4,"fish_oil",1980,1563.25
3,"fish_oil",1980,1563.25
14,"fish_oil",1980,1563.25
7,"fish_oil",1980,1563.25
1,"fish_oil",1980,1563.25
8,"fish_oil",1980,1563.25
9,"fish_oil",1980,1563.25
10,"fish_oil",1980,1563.25
13,"fish_oil",1980,1563.25
12,"fish_oil",1980,1563.25
6,"fish_oil",1980,1563.25
2,"fish_oil",1981,1509.75
11,"fish_oil",1981,1509.75
5,"fish_oil",1981,1509.75
4,"fish_oil",1981,1509.75
3,"fish_oil",1981,1509.75
14,"fish_oil",1981,1509.75
7,"fish_oil",1981,1509.75
1,"fish_oil",1981,1509.75
8,"fish_oil",1981,1509.75
9,"fish_oil",1981,1509.75
10,"fish_oil",1981,1509.75
13,"fish_oil",1981,1509.75
12,"fish_oil",1981,1509.75
6,"fish_oil",1981,1509.75
2,"fish_oil",1982,1368.25
11,"fish_oil",1982,1368.25
5,"fish_oil",1982,1368.25
4,"fish_oil",1982,1368.25
3,"fish_oil",1982,1368.25
14,"fish_oil",1982,1368.25
7,"fish_oil",1982,1368.25
1,"fish_oil",1982,1368.25
8,"fish_oil",1982,1368.25
9,"fish_oil",1982,1368.25
10,"fish_oil",1982,1368.25
13,"fish_oil",1982,1368.25
12,"fish_oil",1982,1368.25
6,"fish_oil",1982,1368.25
2,"fish_oil",1983,1174.5
11,"fish_oil",1983,1174.5
5,"fish_oil",1983,1174.5
4,"fish_oil",1983,1174.5
3,"fish_oil",1983,1174.5
14,"fish_oil",1983,1174.5
7,"fish_oil",1983,1174.5
1,"fish_oil",1983,1174.5
8,"fish_oil",1983,1174.5
9,"fish_oil",1983,1174.5
10,"fish_oil",1983,1174.5
13,"fish_oil",1983,1174.5
12,"fish_oil",1983,1174.5
6,"fish_oil",1983,1174.5
2,"fish_oil",1984,932.75
11,"fish_oil",1984,932.75
5,"fish_oil",1984,932.75
4,"fish_oil",1984,932.75
3,"fish_oil",1984,932.75
14,"fish_oil",1984,932.75
7,"fish_oil",1984,932.75
1,"fish_oil",1984,932.75
8,"fish_oil",1984,932.75
9,"fish_oil",1984,932.75
10,"fish_oil",1984,932.75
13,"fish_oil",1984,932.75
12,"fish_oil",1984,932.75
6,"fish_oil",1984,932.75
2,"fish_oil",1985,791.5
11,"fish_oil",1985,791.5
5,"fish_oil",1985,791.5
4,"fish_oil",1985,791.5
3,"fish_oil",1985,791.5
14,"fish_oil",1985,791.5
7,"fish_oil",1985,791.5
1,"fish_oil",1985,791.5
8,"fish_oil",1985,791.5
9,"fish_oil",1985,791.5
10,"fish_oil",1985,791.5
13,"fish_oil",1985,791.5
12,"fish_oil",1985,791.5
6,"fish_oil",1985,791.5
2,"fish_oil",1986,890.5
11,"fish_oil",1986,890.5
5,"fish_oil",1986,890.5
4,"fish_oil",1986,890.5
3,"fish_oil",1986,890.5
14,"fish_oil",1986,890.5
7,"fish_oil",1986,890.5
1,"fish_oil",1986,890.5
8,"fish_oil",1986,890.5
9,"fish_oil",1986,890.5
10,"fish_oil",1986,890.5
13,"fish_oil",1986,890.5
12,"fish_oil",1986,890.5
6,"fish_oil",1986,890.5
2,"fish_oil",1987,1003.5
11,"fish_oil",1987,1003.5
5,"fish_oil",1987,1003.5
4,"fish_oil",1987,1003.5
3,"fish_oil",1987,1003.5
14,"fish_oil",1987,1003.5
7,"fish_oil",1987,1003.5
1,"fish_oil",1987,1003.5
8,"fish_oil",1987,1003.5
9,"fish_oil",1987,1003.5
10,"fish_oil",1987,1003.5
13,"fish_oil",1987,1003.5
12,"fish_oil",1987,1003.5
6,"fish_oil",1987,1003.5
2,"fish_oil",1988,1239.75
11,"fish_oil",1988,1239.75
5,"fish_oil",1988,1239.75
4,"fish_oil",1988,1239.75
3,"fish_oil",1988,1239.75
14,"fish_oil",1988,1239.75
7,"fish_oil",1988,1239.75
1,"fish_oil",1988,1239.75
8,"fish_oil",1988,1239.75
9,"fish_oil",1988,1239.75
10,"fish_oil",1988,1239.75
13,"fish_oil",1988,1239.75
12,"fish_oil",1988,1239.75
6,"fish_oil",1988,1239.75
2,"fish_oil",1989,1661.75
11,"fish_oil",1989,1661.75
5,"fish_oil",1989,1661.75
4,"fish_oil",1989,1661.75
3,"fish_oil",1989,1661.75
14,"fish_oil",1989,1661.75
7,"fish_oil",1989,1661.75
1,"fish_oil",1989,1661.75
8,"fish_oil",1989,1661.75
9,"fish_oil",1989,1661.75
10,"fish_oil",1989,1661.75
13,"fish_oil",1989,1661.75
12,"fish_oil",1989,1661.75
6,"fish_oil",1989,1661.75
2,"fish_oil",1990,1865
11,"fish_oil",1990,1865
5,"fish_oil",1990,1865
4,"fish_oil",1990,1865
3,"fish_oil",1990,1865
14,"fish_oil",1990,1865
7,"fish_oil",1990,1865
1,"fish_oil",1990,1865
8,"fish_oil",1990,1865
9,"fish_oil",1990,1865
10,"fish_oil",1990,1865
13,"fish_oil",1990,1865
12,"fish_oil",1990,1865
6,"fish_oil",1990,1865
2,"fish_oil",1991,2363.5
11,"fish_oil",1991,2363.5
5,"fish_oil",1991,2363.5
4,"fish_oil",1991,2363.5
3,"fish_oil",1991,2363.5
14,"fish_oil",1991,2363.5
7,"fish_oil",1991,2363.5
1,"fish_oil",1991,2363.5
8,"fish_oil",1991,2363.5
9,"fish_oil",1991,2363.5
10,"fish_oil",1991,2363.5
13,"fish_oil",1991,2363.5
12,"fish_oil",1991,2363.5
6,"fish_oil",1991,2363.5
2,"fish_oil",1992,3053.25
11,"fish_oil",1992,3053.25
5,"fish_oil",1992,3053.25
4,"fish_oil",1992,3053.25
3,"fish_oil",1992,3053.25
14,"fish_oil",1992,3053.25
7,"fish_oil",1992,3053.25
1,"fish_oil",1992,3053.25
8,"fish_oil",1992,3053.25
9,"fish_oil",1992,3053.25
10,"fish_oil",1992,3053.25
13,"fish_oil",1992,3053.25
12,"fish_oil",1992,3053.25
6,"fish_oil",1992,3053.25
2,"fish_oil",1993,3692
11,"fish_oil",1993,3692
5,"fish_oil",1993,3692
4,"fish_oil",1993,3692
3,"fish_oil",1993,3692
14,"fish_oil",1993,3692
7,"fish_oil",1993,3692
1,"fish_oil",1993,3692
8,"fish_oil",1993,3692
9,"fish_oil",1993,3692
10,"fish_oil",1993,3692
13,"fish_oil",1993,3692
12,"fish_oil",1993,3692
6,"fish_oil",1993,3692
2,"fish_oil",1994,4501.25
11,"fish_oil",1994,4501.25
5,"fish_oil",1994,4501.25
4,"fish_oil",1994,4501.25
3,"fish_oil",1994,4501.25
14,"fish_oil",1994,4501.25
7,"fish_oil",1994,4501.25
1,"fish_oil",1994,4501.25
8,"fish_oil",1994,4501.25
9,"fish_oil",1994,4501.25
10,"fish_oil",1994,4501.25
13,"fish_oil",1994,4501.25
12,"fish_oil",1994,4501.25
6,"fish_oil",1994,4501.25
2,"fish_oil",1995,5737
11,"fish_oil",1995,5737
5,"fish_oil",1995,5737
4,"fish_oil",1995,5737
3,"fish_oil",1995,5737
14,"fish_oil",1995,5737
7,"fish_oil",1995,5737
1,"fish_oil",1995,5737
8,"fish_oil",1995,5737
9,"fish_oil",1995,5737
10,"fish_oil",1995,5737
13,"fish_oil",1995,5737
12,"fish_oil",1995,5737
6,"fish_oil",1995,5737
2,"fish_oil",1996,7280
11,"fish_oil",1996,7280
5,"fish_oil",1996,7280
4,"fish_oil",1996,7280
3,"fish_oil",1996,7280
14,"fish_oil",1996,7280
7,"fish_oil",1996,7280
1,"fish_oil",1996,7280
8,"fish_oil",1996,7280
9,"fish_oil",1996,7280
10,"fish_oil",1996,7280
13,"fish_oil",1996,7280
12,"fish_oil",1996,7280
6,"fish_oil",1996,7280
2,"fish_oil",1997,9001
11,"fish_oil",1997,9001
5,"fish_oil",1997,9001
4,"fish_oil",1997,9001
3,"fish_oil",1997,9001
14,"fish_oil",1997,9001
7,"fish_oil",1997,9001
1,"fish_oil",1997,9001
8,"fish_oil",1997,9001
9,"fish_oil",1997,9001
10,"fish_oil",1997,9001
13,"fish_oil",1997,9001
12,"fish_oil",1997,9001
6,"fish_oil",1997,9001
2,"fish_oil",1998,9815
11,"fish_oil",1998,9815
5,"fish_oil",1998,9815
4,"fish_oil",1998,9815
3,"fish_oil",1998,9815
14,"fish_oil",1998,9815
7,"fish_oil",1998,9815
1,"fish_oil",1998,9815
8,"fish_oil",1998,9815
9,"fish_oil",1998,9815
10,"fish_oil",1998,9815
13,"fish_oil",1998,9815
12,"fish_oil",1998,9815
6,"fish_oil",1998,9815
2,"fish_oil",1999,9674.75
11,"fish_oil",1999,9674.75
5,"fish_oil",1999,9674.75
4,"fish_oil",1999,9674.75
3,"fish_oil",1999,9674.75
14,"fish_oil",1999,9674.75
7,"fish_oil",1999,9674.75
1,"fish_oil",1999,9674.75
8,"fish_oil",1999,9674.75
9,"fish_oil",1999,9674.75
10,"fish_oil",1999,9674.75
13,"fish_oil",1999,9674.75
12,"fish_oil",1999,9674.75
6,"fish_oil",1999,9674.75
2,"fish_oil",2000,9112.5
11,"fish_oil",2000,9112.5
5,"fish_oil",2000,9112.5
4,"fish_oil",2000,9112.5
3,"fish_oil",2000,9112.5
14,"fish_oil",2000,9112.5
7,"fish_oil",2000,9112.5
1,"fish_oil",2000,9112.5
8,"fish_oil",2000,9112.5
9,"fish_oil",2000,9112.5
10,"fish_oil",2000,9112.5
13,"fish_oil",2000,9112.5
12,"fish_oil",2000,9112.5
6,"fish_oil",2000,9112.5
2,"fish_oil",2001,8616
11,"fish_oil",2001,8616
5,"fish_oil",2001,8616
4,"fish_oil",2001,8616
3,"fish_oil",2001,8616
14,"fish_oil",2001,8616
7,"fish_oil",2001,8616
1,"fish_oil",2001,8616
8,"fish_oil",2001,8616
9,"fish_oil",2001,8616
10,"fish_oil",2001,8616
13,"fish_oil",2001,8616
12,"fish_oil",2001,8616
6,"fish_oil",2001,8616
2,"fish_oil",2002,10237.5
11,"fish_oil",2002,10237.5
5,"fish_oil",2002,10237.5
4,"fish_oil",2002,10237.5
3,"fish_oil",2002,10237.5
14,"fish_oil",2002,10237.5
7,"fish_oil",2002,10237.5
1,"fish_oil",2002,10237.5
8,"fish_oil",2002,10237.5
9,"fish_oil",2002,10237.5
10,"fish_oil",2002,10237.5
13,"fish_oil",2002,10237.5
12,"fish_oil",2002,10237.5
6,"fish_oil",2002,10237.5
2,"fish_oil",2003,11756.75
11,"fish_oil",2003,11756.75
5,"fish_oil",2003,11756.75
4,"fish_oil",2003,11756.75
3,"fish_oil",2003,11756.75
14,"fish_oil",2003,11756.75
7,"fish_oil",2003,11756.75
1,"fish_oil",2003,11756.75
8,"fish_oil",2003,11756.75
9,"fish_oil",2003,11756.75
10,"fish_oil",2003,11756.75
13,"fish_oil",2003,11756.75
12,"fish_oil",2003,11756.75
6,"fish_oil",2003,11756.75
2,"fish_oil",2004,12822.75
11,"fish_oil",2004,12822.75
5,"fish_oil",2004,12822.75
4,"fish_oil",2004,12822.75
3,"fish_oil",2004,12822.75
14,"fish_oil",2004,12822.75
7,"fish_oil",2004,12822.75
1,"fish_oil",2004,12822.75
8,"fish_oil",2004,12822.75
9,"fish_oil",2004,12822.75
10,"fish_oil",2004,12822.75
13,"fish_oil",2004,12822.75
12,"fish_oil",2004,12822.75
6,"fish_oil",2004,12822.75
2,"fish_oil",2005,14846.5
11,"fish_oil",2005,14846.5
5,"fish_oil",2005,14846.5
4,"fish_oil",2005,14846.5
3,"fish_oil",2005,14846.5
14,"fish_oil",2005,14846.5
7,"fish_oil",2005,14846.5
1,"fish_oil",2005,14846.5
8,"fish_oil",2005,14846.5
9,"fish_oil",2005,14846.5
10,"fish_oil",2005,14846.5
13,"fish_oil",2005,14846.5
12,"fish_oil",2005,14846.5
6,"fish_oil",2005,14846.5
2,"fish_oil",2006,16549.75
11,"fish_oil",2006,16549.75
5,"fish_oil",2006,16549.75
4,"fish_oil",2006,16549.75
3,"fish_oil",2006,16549.75
14,"fish_oil",2006,16549.75
7,"fish_oil",2006,16549.75
1,"fish_oil",2006,16549.75
8,"fish_oil",2006,16549.75
9,"fish_oil",2006,16549.75
10,"fish_oil",2006,16549.75
13,"fish_oil",2006,16549.75
12,"fish_oil",2006,16549.75
6,"fish_oil",2006,16549.75
2,"fish_oil",2007,18585
11,"fish_oil",2007,18585
5,"fish_oil",2007,18585
4,"fish_oil",2007,18585
3,"fish_oil",2007,18585
14,"fish_oil",2007,18585
7,"fish_oil",2007,18585
1,"fish_oil",2007,18585
8,"fish_oil",2007,18585
9,"fish_oil",2007,18585
10,"fish_oil",2007,18585
13,"fish_oil",2007,18585
12,"fish_oil",2007,18585
6,"fish_oil",2007,18585
2,"fish_oil",2008,19054.75
11,"fish_oil",2008,19054.75
5,"fish_oil",2008,19054.75
4,"fish_oil",2008,19054.75
3,"fish_oil",2008,19054.75
14,"fish_oil",2008,19054.75
7,"fish_oil",2008,19054.75
1,"fish_oil",2008,19054.75
8,"fish_oil",2008,19054.75
9,"fish_oil",2008,19054.75
10,"fish_oil",2008,19054.75
13,"fish_oil",2008,19054.75
12,"fish_oil",2008,19054.75
6,"fish_oil",2008,19054.75
2,"fish_oil",2009,18661.5
11,"fish_oil",2009,18661.5
5,"fish_oil",2009,18661.5
4,"fish_oil",2009,18661.5
3,"fish_oil",2009,18661.5
14,"fish_oil",2009,18661.5
7,"fish_oil",2009,18661.5
1,"fish_oil",2009,18661.5
8,"fish_oil",2009,18661.5
9,"fish_oil",2009,18661.5
10,"fish_oil",2009,18661.5
13,"fish_oil",2009,18661.5
12,"fish_oil",2009,18661.5
6,"fish_oil",2009,18661.5
2,"fish_oil",2010,17451.3333333333
11,"fish_oil",2010,17451.3333333333
5,"fish_oil",2010,17451.3333333333
4,"fish_oil",2010,17451.3333333333
3,"fish_oil",2010,17451.3333333333
14,"fish_oil",2010,17451.3333333333
7,"fish_oil",2010,17451.3333333333
1,"fish_oil",2010,17451.3333333333
8,"fish_oil",2010,17451.3333333333
9,"fish_oil",2010,17451.3333333333
10,"fish_oil",2010,17451.3333333333
13,"fish_oil",2010,17451.3333333333
12,"fish_oil",2010,17451.3333333333
6,"fish_oil",2010,17451.3333333333
2,"fish_oil",2011,15303
11,"fish_oil",2011,15303
5,"fish_oil",2011,15303
4,"fish_oil",2011,15303
3,"fish_oil",2011,15303
14,"fish_oil",2011,15303
7,"fish_oil",2011,15303
1,"fish_oil",2011,15303
8,"fish_oil",2011,15303
9,"fish_oil",2011,15303
10,"fish_oil",2011,15303
13,"fish_oil",2011,15303
12,"fish_oil",2011,15303
6,"fish_oil",2011,15303
2,"ornamentals",1976,78.3333333333333
11,"ornamentals",1976,78.3333333333333
5,"ornamentals",1976,78.3333333333333
4,"ornamentals",1976,78.3333333333333
3,"ornamentals",1976,78.3333333333333
14,"ornamentals",1976,78.3333333333333
7,"ornamentals",1976,78.3333333333333
1,"ornamentals",1976,78.3333333333333
8,"ornamentals",1976,78.3333333333333
9,"ornamentals",1976,78.3333333333333
10,"ornamentals",1976,78.3333333333333
13,"ornamentals",1976,78.3333333333333
12,"ornamentals",1976,78.3333333333333
6,"ornamentals",1976,78.3333333333333
2,"ornamentals",1977,83.5
11,"ornamentals",1977,83.5
5,"ornamentals",1977,83.5
4,"ornamentals",1977,83.5
3,"ornamentals",1977,83.5
14,"ornamentals",1977,83.5
7,"ornamentals",1977,83.5
1,"ornamentals",1977,83.5
8,"ornamentals",1977,83.5
9,"ornamentals",1977,83.5
10,"ornamentals",1977,83.5
13,"ornamentals",1977,83.5
12,"ornamentals",1977,83.5
6,"ornamentals",1977,83.5
2,"ornamentals",1978,109.5
11,"ornamentals",1978,109.5
5,"ornamentals",1978,109.5
4,"ornamentals",1978,109.5
3,"ornamentals",1978,109.5
14,"ornamentals",1978,109.5
7,"ornamentals",1978,109.5
1,"ornamentals",1978,109.5
8,"ornamentals",1978,109.5
9,"ornamentals",1978,109.5
10,"ornamentals",1978,109.5
13,"ornamentals",1978,109.5
12,"ornamentals",1978,109.5
6,"ornamentals",1978,109.5
2,"ornamentals",1979,151.5
11,"ornamentals",1979,151.5
5,"ornamentals",1979,151.5
4,"ornamentals",1979,151.5
3,"ornamentals",1979,151.5
14,"ornamentals",1979,151.5
7,"ornamentals",1979,151.5
1,"ornamentals",1979,151.5
8,"ornamentals",1979,151.5
9,"ornamentals",1979,151.5
10,"ornamentals",1979,151.5
13,"ornamentals",1979,151.5
12,"ornamentals",1979,151.5
6,"ornamentals",1979,151.5
2,"ornamentals",1980,181.25
11,"ornamentals",1980,181.25
5,"ornamentals",1980,181.25
4,"ornamentals",1980,181.25
3,"ornamentals",1980,181.25
14,"ornamentals",1980,181.25
7,"ornamentals",1980,181.25
1,"ornamentals",1980,181.25
8,"ornamentals",1980,181.25
9,"ornamentals",1980,181.25
10,"ornamentals",1980,181.25
13,"ornamentals",1980,181.25
12,"ornamentals",1980,181.25
6,"ornamentals",1980,181.25
2,"ornamentals",1981,243.75
11,"ornamentals",1981,243.75
5,"ornamentals",1981,243.75
4,"ornamentals",1981,243.75
3,"ornamentals",1981,243.75
14,"ornamentals",1981,243.75
7,"ornamentals",1981,243.75
1,"ornamentals",1981,243.75
8,"ornamentals",1981,243.75
9,"ornamentals",1981,243.75
10,"ornamentals",1981,243.75
13,"ornamentals",1981,243.75
12,"ornamentals",1981,243.75
6,"ornamentals",1981,243.75
2,"ornamentals",1982,332.5
11,"ornamentals",1982,332.5
5,"ornamentals",1982,332.5
4,"ornamentals",1982,332.5
3,"ornamentals",1982,332.5
14,"ornamentals",1982,332.5
7,"ornamentals",1982,332.5
1,"ornamentals",1982,332.5
8,"ornamentals",1982,332.5
9,"ornamentals",1982,332.5
10,"ornamentals",1982,332.5
13,"ornamentals",1982,332.5
12,"ornamentals",1982,332.5
6,"ornamentals",1982,332.5
2,"ornamentals",1983,399
11,"ornamentals",1983,399
5,"ornamentals",1983,399
4,"ornamentals",1983,399
3,"ornamentals",1983,399
14,"ornamentals",1983,399
7,"ornamentals",1983,399
1,"ornamentals",1983,399
8,"ornamentals",1983,399
9,"ornamentals",1983,399
10,"ornamentals",1983,399
13,"ornamentals",1983,399
12,"ornamentals",1983,399
6,"ornamentals",1983,399
2,"ornamentals",1984,524.75
11,"ornamentals",1984,524.75
5,"ornamentals",1984,524.75
4,"ornamentals",1984,524.75
3,"ornamentals",1984,524.75
14,"ornamentals",1984,524.75
7,"ornamentals",1984,524.75
1,"ornamentals",1984,524.75
8,"ornamentals",1984,524.75
9,"ornamentals",1984,524.75
10,"ornamentals",1984,524.75
13,"ornamentals",1984,524.75
12,"ornamentals",1984,524.75
6,"ornamentals",1984,524.75
2,"ornamentals",1985,592.75
11,"ornamentals",1985,592.75
5,"ornamentals",1985,592.75
4,"ornamentals",1985,592.75
3,"ornamentals",1985,592.75
14,"ornamentals",1985,592.75
7,"ornamentals",1985,592.75
1,"ornamentals",1985,592.75
8,"ornamentals",1985,592.75
9,"ornamentals",1985,592.75
10,"ornamentals",1985,592.75
13,"ornamentals",1985,592.75
12,"ornamentals",1985,592.75
6,"ornamentals",1985,592.75
2,"ornamentals",1986,595.75
11,"ornamentals",1986,595.75
5,"ornamentals",1986,595.75
4,"ornamentals",1986,595.75
3,"ornamentals",1986,595.75
14,"ornamentals",1986,595.75
7,"ornamentals",1986,595.75
1,"ornamentals",1986,595.75
8,"ornamentals",1986,595.75
9,"ornamentals",1986,595.75
10,"ornamentals",1986,595.75
13,"ornamentals",1986,595.75
12,"ornamentals",1986,595.75
6,"ornamentals",1986,595.75
2,"ornamentals",1987,632
11,"ornamentals",1987,632
5,"ornamentals",1987,632
4,"ornamentals",1987,632
3,"ornamentals",1987,632
14,"ornamentals",1987,632
7,"ornamentals",1987,632
1,"ornamentals",1987,632
8,"ornamentals",1987,632
9,"ornamentals",1987,632
10,"ornamentals",1987,632
13,"ornamentals",1987,632
12,"ornamentals",1987,632
6,"ornamentals",1987,632
2,"ornamentals",1988,627.25
11,"ornamentals",1988,627.25
5,"ornamentals",1988,627.25
4,"ornamentals",1988,627.25
3,"ornamentals",1988,627.25
14,"ornamentals",1988,627.25
7,"ornamentals",1988,627.25
1,"ornamentals",1988,627.25
8,"ornamentals",1988,627.25
9,"ornamentals",1988,627.25
10,"ornamentals",1988,627.25
13,"ornamentals",1988,627.25
12,"ornamentals",1988,627.25
6,"ornamentals",1988,627.25
2,"ornamentals",1989,621
11,"ornamentals",1989,621
5,"ornamentals",1989,621
4,"ornamentals",1989,621
3,"ornamentals",1989,621
14,"ornamentals",1989,621
7,"ornamentals",1989,621
1,"ornamentals",1989,621
8,"ornamentals",1989,621
9,"ornamentals",1989,621
10,"ornamentals",1989,621
13,"ornamentals",1989,621
12,"ornamentals",1989,621
6,"ornamentals",1989,621
2,"ornamentals",1990,638.25
11,"ornamentals",1990,638.25
5,"ornamentals",1990,638.25
4,"ornamentals",1990,638.25
3,"ornamentals",1990,638.25
14,"ornamentals",1990,638.25
7,"ornamentals",1990,638.25
1,"ornamentals",1990,638.25
8,"ornamentals",1990,638.25
9,"ornamentals",1990,638.25
10,"ornamentals",1990,638.25
13,"ornamentals",1990,638.25
12,"ornamentals",1990,638.25
6,"ornamentals",1990,638.25
2,"ornamentals",1991,582.5
11,"ornamentals",1991,582.5
5,"ornamentals",1991,582.5
4,"ornamentals",1991,582.5
3,"ornamentals",1991,582.5
14,"ornamentals",1991,582.5
7,"ornamentals",1991,582.5
1,"ornamentals",1991,582.5
8,"ornamentals",1991,582.5
9,"ornamentals",1991,582.5
10,"ornamentals",1991,582.5
13,"ornamentals",1991,582.5
12,"ornamentals",1991,582.5
6,"ornamentals",1991,582.5
2,"ornamentals",1992,590.25
11,"ornamentals",1992,590.25
5,"ornamentals",1992,590.25
4,"ornamentals",1992,590.25
3,"ornamentals",1992,590.25
14,"ornamentals",1992,590.25
7,"ornamentals",1992,590.25
1,"ornamentals",1992,590.25
8,"ornamentals",1992,590.25
9,"ornamentals",1992,590.25
10,"ornamentals",1992,590.25
13,"ornamentals",1992,590.25
12,"ornamentals",1992,590.25
6,"ornamentals",1992,590.25
2,"ornamentals",1993,441.5
11,"ornamentals",1993,441.5
5,"ornamentals",1993,441.5
4,"ornamentals",1993,441.5
3,"ornamentals",1993,441.5
14,"ornamentals",1993,441.5
7,"ornamentals",1993,441.5
1,"ornamentals",1993,441.5
8,"ornamentals",1993,441.5
9,"ornamentals",1993,441.5
10,"ornamentals",1993,441.5
13,"ornamentals",1993,441.5
12,"ornamentals",1993,441.5
6,"ornamentals",1993,441.5
2,"ornamentals",1994,285.25
11,"ornamentals",1994,285.25
5,"ornamentals",1994,285.25
4,"ornamentals",1994,285.25
3,"ornamentals",1994,285.25
14,"ornamentals",1994,285.25
7,"ornamentals",1994,285.25
1,"ornamentals",1994,285.25
8,"ornamentals",1994,285.25
9,"ornamentals",1994,285.25
10,"ornamentals",1994,285.25
13,"ornamentals",1994,285.25
12,"ornamentals",1994,285.25
6,"ornamentals",1994,285.25
2,"ornamentals",1995,177.25
11,"ornamentals",1995,177.25
5,"ornamentals",1995,177.25
4,"ornamentals",1995,177.25
3,"ornamentals",1995,177.25
14,"ornamentals",1995,177.25
7,"ornamentals",1995,177.25
1,"ornamentals",1995,177.25
8,"ornamentals",1995,177.25
9,"ornamentals",1995,177.25
10,"ornamentals",1995,177.25
13,"ornamentals",1995,177.25
12,"ornamentals",1995,177.25
6,"ornamentals",1995,177.25
2,"ornamentals",1996,1.75
11,"ornamentals",1996,1.75
5,"ornamentals",1996,1.75
4,"ornamentals",1996,1.75
3,"ornamentals",1996,1.75
14,"ornamentals",1996,1.75
7,"ornamentals",1996,1.75
1,"ornamentals",1996,1.75
8,"ornamentals",1996,1.75
9,"ornamentals",1996,1.75
10,"ornamentals",1996,1.75
13,"ornamentals",1996,1.75
12,"ornamentals",1996,1.75
6,"ornamentals",1996,1.75
2,"ornamentals",1997,1.75
11,"ornamentals",1997,1.75
5,"ornamentals",1997,1.75
4,"ornamentals",1997,1.75
3,"ornamentals",1997,1.75
14,"ornamentals",1997,1.75
7,"ornamentals",1997,1.75
1,"ornamentals",1997,1.75
8,"ornamentals",1997,1.75
9,"ornamentals",1997,1.75
10,"ornamentals",1997,1.75
13,"ornamentals",1997,1.75
12,"ornamentals",1997,1.75
6,"ornamentals",1997,1.75
2,"ornamentals",1998,6
11,"ornamentals",1998,6
5,"ornamentals",1998,6
4,"ornamentals",1998,6
3,"ornamentals",1998,6
14,"ornamentals",1998,6
7,"ornamentals",1998,6
1,"ornamentals",1998,6
8,"ornamentals",1998,6
9,"ornamentals",1998,6
10,"ornamentals",1998,6
13,"ornamentals",1998,6
12,"ornamentals",1998,6
6,"ornamentals",1998,6
2,"ornamentals",1999,6.75
11,"ornamentals",1999,6.75
5,"ornamentals",1999,6.75
4,"ornamentals",1999,6.75
3,"ornamentals",1999,6.75
14,"ornamentals",1999,6.75
7,"ornamentals",1999,6.75
1,"ornamentals",1999,6.75
8,"ornamentals",1999,6.75
9,"ornamentals",1999,6.75
10,"ornamentals",1999,6.75
13,"ornamentals",1999,6.75
12,"ornamentals",1999,6.75
6,"ornamentals",1999,6.75
2,"ornamentals",2000,161.5
11,"ornamentals",2000,161.5
5,"ornamentals",2000,161.5
4,"ornamentals",2000,161.5
3,"ornamentals",2000,161.5
14,"ornamentals",2000,161.5
7,"ornamentals",2000,161.5
1,"ornamentals",2000,161.5
8,"ornamentals",2000,161.5
9,"ornamentals",2000,161.5
10,"ornamentals",2000,161.5
13,"ornamentals",2000,161.5
12,"ornamentals",2000,161.5
6,"ornamentals",2000,161.5
2,"ornamentals",2001,197
11,"ornamentals",2001,197
5,"ornamentals",2001,197
4,"ornamentals",2001,197
3,"ornamentals",2001,197
14,"ornamentals",2001,197
7,"ornamentals",2001,197
1,"ornamentals",2001,197
8,"ornamentals",2001,197
9,"ornamentals",2001,197
10,"ornamentals",2001,197
13,"ornamentals",2001,197
12,"ornamentals",2001,197
6,"ornamentals",2001,197
2,"ornamentals",2002,192.5
11,"ornamentals",2002,192.5
5,"ornamentals",2002,192.5
4,"ornamentals",2002,192.5
3,"ornamentals",2002,192.5
14,"ornamentals",2002,192.5
7,"ornamentals",2002,192.5
1,"ornamentals",2002,192.5
8,"ornamentals",2002,192.5
9,"ornamentals",2002,192.5
10,"ornamentals",2002,192.5
13,"ornamentals",2002,192.5
12,"ornamentals",2002,192.5
6,"ornamentals",2002,192.5
2,"ornamentals",2003,191.5
11,"ornamentals",2003,191.5
5,"ornamentals",2003,191.5
4,"ornamentals",2003,191.5
3,"ornamentals",2003,191.5
14,"ornamentals",2003,191.5
7,"ornamentals",2003,191.5
1,"ornamentals",2003,191.5
8,"ornamentals",2003,191.5
9,"ornamentals",2003,191.5
10,"ornamentals",2003,191.5
13,"ornamentals",2003,191.5
12,"ornamentals",2003,191.5
6,"ornamentals",2003,191.5
2,"ornamentals",2004,38.25
11,"ornamentals",2004,38.25
5,"ornamentals",2004,38.25
4,"ornamentals",2004,38.25
3,"ornamentals",2004,38.25
14,"ornamentals",2004,38.25
7,"ornamentals",2004,38.25
1,"ornamentals",2004,38.25
8,"ornamentals",2004,38.25
9,"ornamentals",2004,38.25
10,"ornamentals",2004,38.25
13,"ornamentals",2004,38.25
12,"ornamentals",2004,38.25
6,"ornamentals",2004,38.25
2,"ornamentals",2005,30
11,"ornamentals",2005,30
5,"ornamentals",2005,30
4,"ornamentals",2005,30
3,"ornamentals",2005,30
14,"ornamentals",2005,30
7,"ornamentals",2005,30
1,"ornamentals",2005,30
8,"ornamentals",2005,30
9,"ornamentals",2005,30
10,"ornamentals",2005,30
13,"ornamentals",2005,30
12,"ornamentals",2005,30
6,"ornamentals",2005,30
2,"ornamentals",2006,34.5
11,"ornamentals",2006,34.5
5,"ornamentals",2006,34.5
4,"ornamentals",2006,34.5
3,"ornamentals",2006,34.5
14,"ornamentals",2006,34.5
7,"ornamentals",2006,34.5
1,"ornamentals",2006,34.5
8,"ornamentals",2006,34.5
9,"ornamentals",2006,34.5
10,"ornamentals",2006,34.5
13,"ornamentals",2006,34.5
12,"ornamentals",2006,34.5
6,"ornamentals",2006,34.5
2,"ornamentals",2007,37.25
11,"ornamentals",2007,37.25
5,"ornamentals",2007,37.25
4,"ornamentals",2007,37.25
3,"ornamentals",2007,37.25
14,"ornamentals",2007,37.25
7,"ornamentals",2007,37.25
1,"ornamentals",2007,37.25
8,"ornamentals",2007,37.25
9,"ornamentals",2007,37.25
10,"ornamentals",2007,37.25
13,"ornamentals",2007,37.25
12,"ornamentals",2007,37.25
6,"ornamentals",2007,37.25
2,"ornamentals",2008,52.25
11,"ornamentals",2008,52.25
5,"ornamentals",2008,52.25
4,"ornamentals",2008,52.25
3,"ornamentals",2008,52.25
14,"ornamentals",2008,52.25
7,"ornamentals",2008,52.25
1,"ornamentals",2008,52.25
8,"ornamentals",2008,52.25
9,"ornamentals",2008,52.25
10,"ornamentals",2008,52.25
13,"ornamentals",2008,52.25
12,"ornamentals",2008,52.25
6,"ornamentals",2008,52.25
2,"ornamentals",2009,32.5
11,"ornamentals",2009,32.5
5,"ornamentals",2009,32.5
4,"ornamentals",2009,32.5
3,"ornamentals",2009,32.5
14,"ornamentals",2009,32.5
7,"ornamentals",2009,32.5
1,"ornamentals",2009,32.5
8,"ornamentals",2009,32.5
9,"ornamentals",2009,32.5
10,"ornamentals",2009,32.5
13,"ornamentals",2009,32.5
12,"ornamentals",2009,32.5
6,"ornamentals",2009,32.5
2,"ornamentals",2010,37.3333333333333
11,"ornamentals",2010,37.3333333333333
5,"ornamentals",2010,37.3333333333333
4,"ornamentals",2010,37.3333333333333
3,"ornamentals",2010,37.3333333333333
14,"ornamentals",2010,37.3333333333333
7,"ornamentals",2010,37.3333333333333
1,"ornamentals",2010,37.3333333333333
8,"ornamentals",2010,37.3333333333333
9,"ornamentals",2010,37.3333333333333
10,"ornamentals",2010,37.3333333333333
13,"ornamentals",2010,37.3333333333333
12,"ornamentals",2010,37.3333333333333
6,"ornamentals",2010,37.3333333333333
2,"ornamentals",2011,50.5
11,"ornamentals",2011,50.5
5,"ornamentals",2011,50.5
4,"ornamentals",2011,50.5
3,"ornamentals",2011,50.5
14,"ornamentals",2011,50.5
7,"ornamentals",2011,50.5
1,"ornamentals",2011,50.5
8,"ornamentals",2011,50.5
9,"ornamentals",2011,50.5
10,"ornamentals",2011,50.5
13,"ornamentals",2011,50.5
12,"ornamentals",2011,50.5
6,"ornamentals",2011,50.5
2,"seaweeds",1994,240.666666666667
11,"seaweeds",1994,240.666666666667
5,"seaweeds",1994,240.666666666667
4,"seaweeds",1994,240.666666666667
3,"seaweeds",1994,240.666666666667
14,"seaweeds",1994,240.666666666667
7,"seaweeds",1994,240.666666666667
1,"seaweeds",1994,240.666666666667
8,"seaweeds",1994,240.666666666667
9,"seaweeds",1994,240.666666666667
10,"seaweeds",1994,240.666666666667
13,"seaweeds",1994,240.666666666667
12,"seaweeds",1994,240.666666666667
6,"seaweeds",1994,240.666666666667
2,"seaweeds",1995,229.75
11,"seaweeds",1995,229.75
5,"seaweeds",1995,229.75
4,"seaweeds",1995,229.75
3,"seaweeds",1995,229.75
14,"seaweeds",1995,229.75
7,"seaweeds",1995,229.75
1,"seaweeds",1995,229.75
8,"seaweeds",1995,229.75
9,"seaweeds",1995,229.75
10,"seaweeds",1995,229.75
13,"seaweeds",1995,229.75
12,"seaweeds",1995,229.75
6,"seaweeds",1995,229.75
2,"seaweeds",1996,241.5
11,"seaweeds",1996,241.5
5,"seaweeds",1996,241.5
4,"seaweeds",1996,241.5
3,"seaweeds",1996,241.5
14,"seaweeds",1996,241.5
7,"seaweeds",1996,241.5
1,"seaweeds",1996,241.5
8,"seaweeds",1996,241.5
9,"seaweeds",1996,241.5
10,"seaweeds",1996,241.5
13,"seaweeds",1996,241.5
12,"seaweeds",1996,241.5
6,"seaweeds",1996,241.5
2,"seaweeds",1997,416.25
11,"seaweeds",1997,416.25
5,"seaweeds",1997,416.25
4,"seaweeds",1997,416.25
3,"seaweeds",1997,416.25
14,"seaweeds",1997,416.25
7,"seaweeds",1997,416.25
1,"seaweeds",1997,416.25
8,"seaweeds",1997,416.25
9,"seaweeds",1997,416.25
10,"seaweeds",1997,416.25
13,"seaweeds",1997,416.25
12,"seaweeds",1997,416.25
6,"seaweeds",1997,416.25
2,"seaweeds",1998,545
11,"seaweeds",1998,545
5,"seaweeds",1998,545
4,"seaweeds",1998,545
3,"seaweeds",1998,545
14,"seaweeds",1998,545
7,"seaweeds",1998,545
1,"seaweeds",1998,545
8,"seaweeds",1998,545
9,"seaweeds",1998,545
10,"seaweeds",1998,545
13,"seaweeds",1998,545
12,"seaweeds",1998,545
6,"seaweeds",1998,545
2,"seaweeds",1999,822.75
11,"seaweeds",1999,822.75
5,"seaweeds",1999,822.75
4,"seaweeds",1999,822.75
3,"seaweeds",1999,822.75
14,"seaweeds",1999,822.75
7,"seaweeds",1999,822.75
1,"seaweeds",1999,822.75
8,"seaweeds",1999,822.75
9,"seaweeds",1999,822.75
10,"seaweeds",1999,822.75
13,"seaweeds",1999,822.75
12,"seaweeds",1999,822.75
6,"seaweeds",1999,822.75
2,"seaweeds",2000,758
11,"seaweeds",2000,758
5,"seaweeds",2000,758
4,"seaweeds",2000,758
3,"seaweeds",2000,758
14,"seaweeds",2000,758
7,"seaweeds",2000,758
1,"seaweeds",2000,758
8,"seaweeds",2000,758
9,"seaweeds",2000,758
10,"seaweeds",2000,758
13,"seaweeds",2000,758
12,"seaweeds",2000,758
6,"seaweeds",2000,758
2,"seaweeds",2001,624.5
11,"seaweeds",2001,624.5
5,"seaweeds",2001,624.5
4,"seaweeds",2001,624.5
3,"seaweeds",2001,624.5
14,"seaweeds",2001,624.5
7,"seaweeds",2001,624.5
1,"seaweeds",2001,624.5
8,"seaweeds",2001,624.5
9,"seaweeds",2001,624.5
10,"seaweeds",2001,624.5
13,"seaweeds",2001,624.5
12,"seaweeds",2001,624.5
6,"seaweeds",2001,624.5
2,"seaweeds",2002,465.5
11,"seaweeds",2002,465.5
5,"seaweeds",2002,465.5
4,"seaweeds",2002,465.5
3,"seaweeds",2002,465.5
14,"seaweeds",2002,465.5
7,"seaweeds",2002,465.5
1,"seaweeds",2002,465.5
8,"seaweeds",2002,465.5
9,"seaweeds",2002,465.5
10,"seaweeds",2002,465.5
13,"seaweeds",2002,465.5
12,"seaweeds",2002,465.5
6,"seaweeds",2002,465.5
2,"seaweeds",2003,184.75
11,"seaweeds",2003,184.75
5,"seaweeds",2003,184.75
4,"seaweeds",2003,184.75
3,"seaweeds",2003,184.75
14,"seaweeds",2003,184.75
7,"seaweeds",2003,184.75
1,"seaweeds",2003,184.75
8,"seaweeds",2003,184.75
9,"seaweeds",2003,184.75
10,"seaweeds",2003,184.75
13,"seaweeds",2003,184.75
12,"seaweeds",2003,184.75
6,"seaweeds",2003,184.75
2,"seaweeds",2004,157.75
11,"seaweeds",2004,157.75
5,"seaweeds",2004,157.75
4,"seaweeds",2004,157.75
3,"seaweeds",2004,157.75
14,"seaweeds",2004,157.75
7,"seaweeds",2004,157.75
1,"seaweeds",2004,157.75
8,"seaweeds",2004,157.75
9,"seaweeds",2004,157.75
10,"seaweeds",2004,157.75
13,"seaweeds",2004,157.75
12,"seaweeds",2004,157.75
6,"seaweeds",2004,157.75
2,"seaweeds",2005,166.75
11,"seaweeds",2005,166.75
5,"seaweeds",2005,166.75
4,"seaweeds",2005,166.75
3,"seaweeds",2005,166.75
14,"seaweeds",2005,166.75
7,"seaweeds",2005,166.75
1,"seaweeds",2005,166.75
8,"seaweeds",2005,166.75
9,"seaweeds",2005,166.75
10,"seaweeds",2005,166.75
13,"seaweeds",2005,166.75
12,"seaweeds",2005,166.75
6,"seaweeds",2005,166.75
2,"seaweeds",2006,193
11,"seaweeds",2006,193
5,"seaweeds",2006,193
4,"seaweeds",2006,193
3,"seaweeds",2006,193
14,"seaweeds",2006,193
7,"seaweeds",2006,193
1,"seaweeds",2006,193
8,"seaweeds",2006,193
9,"seaweeds",2006,193
10,"seaweeds",2006,193
13,"seaweeds",2006,193
12,"seaweeds",2006,193
6,"seaweeds",2006,193
2,"seaweeds",2007,234.5
11,"seaweeds",2007,234.5
5,"seaweeds",2007,234.5
4,"seaweeds",2007,234.5
3,"seaweeds",2007,234.5
14,"seaweeds",2007,234.5
7,"seaweeds",2007,234.5
1,"seaweeds",2007,234.5
8,"seaweeds",2007,234.5
9,"seaweeds",2007,234.5
10,"seaweeds",2007,234.5
13,"seaweeds",2007,234.5
12,"seaweeds",2007,234.5
6,"seaweeds",2007,234.5
2,"seaweeds",2008,365.75
11,"seaweeds",2008,365.75
5,"seaweeds",2008,365.75
4,"seaweeds",2008,365.75
3,"seaweeds",2008,365.75
14,"seaweeds",2008,365.75
7,"seaweeds",2008,365.75
1,"seaweeds",2008,365.75
8,"seaweeds",2008,365.75
9,"seaweeds",2008,365.75
10,"seaweeds",2008,365.75
13,"seaweeds",2008,365.75
12,"seaweeds",2008,365.75
6,"seaweeds",2008,365.75
2,"seaweeds",2009,462.25
11,"seaweeds",2009,462.25
5,"seaweeds",2009,462.25
4,"seaweeds",2009,462.25
3,"seaweeds",2009,462.25
14,"seaweeds",2009,462.25
7,"seaweeds",2009,462.25
1,"seaweeds",2009,462.25
8,"seaweeds",2009,462.25
9,"seaweeds",2009,462.25
10,"seaweeds",2009,462.25
13,"seaweeds",2009,462.25
12,"seaweeds",2009,462.25
6,"seaweeds",2009,462.25
2,"seaweeds",2010,539.666666666667
11,"seaweeds",2010,539.666666666667
5,"seaweeds",2010,539.666666666667
4,"seaweeds",2010,539.666666666667
3,"seaweeds",2010,539.666666666667
14,"seaweeds",2010,539.666666666667
7,"seaweeds",2010,539.666666666667
1,"seaweeds",2010,539.666666666667
8,"seaweeds",2010,539.666666666667
9,"seaweeds",2010,539.666666666667
10,"seaweeds",2010,539.666666666667
13,"seaweeds",2010,539.666666666667
12,"seaweeds",2010,539.666666666667
6,"seaweeds",2010,539.666666666667
2,"seaweeds",2011,634
11,"seaweeds",2011,634
5,"seaweeds",2011,634
4,"seaweeds",2011,634
3,"seaweeds",2011,634
14,"seaweeds",2011,634
7,"seaweeds",2011,634
1,"seaweeds",2011,634
8,"seaweeds",2011,634
9,"seaweeds",2011,634
10,"seaweeds",2011,634
13,"seaweeds",2011,634
12,"seaweeds",2011,634
6,"seaweeds",2011,634
2,"shells",1995,3.66666666666667
11,"shells",1995,3.66666666666667
5,"shells",1995,3.66666666666667
4,"shells",1995,3.66666666666667
3,"shells",1995,3.66666666666667
14,"shells",1995,3.66666666666667
7,"shells",1995,3.66666666666667
1,"shells",1995,3.66666666666667
8,"shells",1995,3.66666666666667
9,"shells",1995,3.66666666666667
10,"shells",1995,3.66666666666667
13,"shells",1995,3.66666666666667
12,"shells",1995,3.66666666666667
6,"shells",1995,3.66666666666667
2,"shells",1996,3
11,"shells",1996,3
5,"shells",1996,3
4,"shells",1996,3
3,"shells",1996,3
14,"shells",1996,3
7,"shells",1996,3
1,"shells",1996,3
8,"shells",1996,3
9,"shells",1996,3
10,"shells",1996,3
13,"shells",1996,3
12,"shells",1996,3
6,"shells",1996,3
2,"shells",1997,7.75
11,"shells",1997,7.75
5,"shells",1997,7.75
4,"shells",1997,7.75
3,"shells",1997,7.75
14,"shells",1997,7.75
7,"shells",1997,7.75
1,"shells",1997,7.75
8,"shells",1997,7.75
9,"shells",1997,7.75
10,"shells",1997,7.75
13,"shells",1997,7.75
12,"shells",1997,7.75
6,"shells",1997,7.75
2,"shells",1998,11.25
11,"shells",1998,11.25
5,"shells",1998,11.25
4,"shells",1998,11.25
3,"shells",1998,11.25
14,"shells",1998,11.25
7,"shells",1998,11.25
1,"shells",1998,11.25
8,"shells",1998,11.25
9,"shells",1998,11.25
10,"shells",1998,11.25
13,"shells",1998,11.25
12,"shells",1998,11.25
6,"shells",1998,11.25
2,"shells",1999,22.25
11,"shells",1999,22.25
5,"shells",1999,22.25
4,"shells",1999,22.25
3,"shells",1999,22.25
14,"shells",1999,22.25
7,"shells",1999,22.25
1,"shells",1999,22.25
8,"shells",1999,22.25
9,"shells",1999,22.25
10,"shells",1999,22.25
13,"shells",1999,22.25
12,"shells",1999,22.25
6,"shells",1999,22.25
2,"shells",2000,48.5
11,"shells",2000,48.5
5,"shells",2000,48.5
4,"shells",2000,48.5
3,"shells",2000,48.5
14,"shells",2000,48.5
7,"shells",2000,48.5
1,"shells",2000,48.5
8,"shells",2000,48.5
9,"shells",2000,48.5
10,"shells",2000,48.5
13,"shells",2000,48.5
12,"shells",2000,48.5
6,"shells",2000,48.5
2,"shells",2001,72
11,"shells",2001,72
5,"shells",2001,72
4,"shells",2001,72
3,"shells",2001,72
14,"shells",2001,72
7,"shells",2001,72
1,"shells",2001,72
8,"shells",2001,72
9,"shells",2001,72
10,"shells",2001,72
13,"shells",2001,72
12,"shells",2001,72
6,"shells",2001,72
2,"shells",2002,74.5
11,"shells",2002,74.5
5,"shells",2002,74.5
4,"shells",2002,74.5
3,"shells",2002,74.5
14,"shells",2002,74.5
7,"shells",2002,74.5
1,"shells",2002,74.5
8,"shells",2002,74.5
9,"shells",2002,74.5
10,"shells",2002,74.5
13,"shells",2002,74.5
12,"shells",2002,74.5
6,"shells",2002,74.5
2,"shells",2003,86.75
11,"shells",2003,86.75
5,"shells",2003,86.75
4,"shells",2003,86.75
3,"shells",2003,86.75
14,"shells",2003,86.75
7,"shells",2003,86.75
1,"shells",2003,86.75
8,"shells",2003,86.75
9,"shells",2003,86.75
10,"shells",2003,86.75
13,"shells",2003,86.75
12,"shells",2003,86.75
6,"shells",2003,86.75
2,"shells",2004,72.75
11,"shells",2004,72.75
5,"shells",2004,72.75
4,"shells",2004,72.75
3,"shells",2004,72.75
14,"shells",2004,72.75
7,"shells",2004,72.75
1,"shells",2004,72.75
8,"shells",2004,72.75
9,"shells",2004,72.75
10,"shells",2004,72.75
13,"shells",2004,72.75
12,"shells",2004,72.75
6,"shells",2004,72.75
2,"shells",2005,72.75
11,"shells",2005,72.75
5,"shells",2005,72.75
4,"shells",2005,72.75
3,"shells",2005,72.75
14,"shells",2005,72.75
7,"shells",2005,72.75
1,"shells",2005,72.75
8,"shells",2005,72.75
9,"shells",2005,72.75
10,"shells",2005,72.75
13,"shells",2005,72.75
12,"shells",2005,72.75
6,"shells",2005,72.75
2,"shells",2006,120.5
11,"shells",2006,120.5
5,"shells",2006,120.5
4,"shells",2006,120.5
3,"shells",2006,120.5
14,"shells",2006,120.5
7,"shells",2006,120.5
1,"shells",2006,120.5
8,"shells",2006,120.5
9,"shells",2006,120.5
10,"shells",2006,120.5
13,"shells",2006,120.5
12,"shells",2006,120.5
6,"shells",2006,120.5
2,"shells",2007,124.75
11,"shells",2007,124.75
5,"shells",2007,124.75
4,"shells",2007,124.75
3,"shells",2007,124.75
14,"shells",2007,124.75
7,"shells",2007,124.75
1,"shells",2007,124.75
8,"shells",2007,124.75
9,"shells",2007,124.75
10,"shells",2007,124.75
13,"shells",2007,124.75
12,"shells",2007,124.75
6,"shells",2007,124.75
2,"shells",2008,124.5
11,"shells",2008,124.5
5,"shells",2008,124.5
4,"shells",2008,124.5
3,"shells",2008,124.5
14,"shells",2008,124.5
7,"shells",2008,124.5
1,"shells",2008,124.5
8,"shells",2008,124.5
9,"shells",2008,124.5
10,"shells",2008,124.5
13,"shells",2008,124.5
12,"shells",2008,124.5
6,"shells",2008,124.5
2,"shells",2009,98.5
11,"shells",2009,98.5
5,"shells",2009,98.5
4,"shells",2009,98.5
3,"shells",2009,98.5
14,"shells",2009,98.5
7,"shells",2009,98.5
1,"shells",2009,98.5
8,"shells",2009,98.5
9,"shells",2009,98.5
10,"shells",2009,98.5
13,"shells",2009,98.5
12,"shells",2009,98.5
6,"shells",2009,98.5
2,"shells",2010,59.6666666666667
11,"shells",2010,59.6666666666667
5,"shells",2010,59.6666666666667
4,"shells",2010,59.6666666666667
3,"shells",2010,59.6666666666667
14,"shells",2010,59.6666666666667
7,"shells",2010,59.6666666666667
1,"shells",2010,59.6666666666667
8,"shells",2010,59.6666666666667
9,"shells",2010,59.6666666666667
10,"shells",2010,59.6666666666667
13,"shells",2010,59.6666666666667
12,"shells",2010,59.6666666666667
6,"shells",2010,59.6666666666667
2,"shells",2011,29.5
11,"shells",2011,29.5
5,"shells",2011,29.5
4,"shells",2011,29.5
3,"shells",2011,29.5
14,"shells",2011,29.5
7,"shells",2011,29.5
1,"shells",2011,29.5
8,"shells",2011,29.5
9,"shells",2011,29.5
10,"shells",2011,29.5
13,"shells",2011,29.5
12,"shells",2011,29.5
6,"shells",2011,29.5
2,"sponges",1994,22
11,"sponges",1994,22
5,"sponges",1994,22
4,"sponges",1994,22
3,"sponges",1994,22
14,"sponges",1994,22
7,"sponges",1994,22
1,"sponges",1994,22
8,"sponges",1994,22
9,"sponges",1994,22
10,"sponges",1994,22
13,"sponges",1994,22
12,"sponges",1994,22
6,"sponges",1994,22
2,"sponges",1995,23.75
11,"sponges",1995,23.75
5,"sponges",1995,23.75
4,"sponges",1995,23.75
3,"sponges",1995,23.75
14,"sponges",1995,23.75
7,"sponges",1995,23.75
1,"sponges",1995,23.75
8,"sponges",1995,23.75
9,"sponges",1995,23.75
10,"sponges",1995,23.75
13,"sponges",1995,23.75
12,"sponges",1995,23.75
6,"sponges",1995,23.75
2,"sponges",1996,17
11,"sponges",1996,17
5,"sponges",1996,17
4,"sponges",1996,17
3,"sponges",1996,17
14,"sponges",1996,17
7,"sponges",1996,17
1,"sponges",1996,17
8,"sponges",1996,17
9,"sponges",1996,17
10,"sponges",1996,17
13,"sponges",1996,17
12,"sponges",1996,17
6,"sponges",1996,17
2,"sponges",1997,23
11,"sponges",1997,23
5,"sponges",1997,23
4,"sponges",1997,23
3,"sponges",1997,23
14,"sponges",1997,23
7,"sponges",1997,23
1,"sponges",1997,23
8,"sponges",1997,23
9,"sponges",1997,23
10,"sponges",1997,23
13,"sponges",1997,23
12,"sponges",1997,23
6,"sponges",1997,23
2,"sponges",1998,18.75
11,"sponges",1998,18.75
5,"sponges",1998,18.75
4,"sponges",1998,18.75
3,"sponges",1998,18.75
14,"sponges",1998,18.75
7,"sponges",1998,18.75
1,"sponges",1998,18.75
8,"sponges",1998,18.75
9,"sponges",1998,18.75
10,"sponges",1998,18.75
13,"sponges",1998,18.75
12,"sponges",1998,18.75
6,"sponges",1998,18.75
2,"sponges",1999,16.25
11,"sponges",1999,16.25
5,"sponges",1999,16.25
4,"sponges",1999,16.25
3,"sponges",1999,16.25
14,"sponges",1999,16.25
7,"sponges",1999,16.25
1,"sponges",1999,16.25
8,"sponges",1999,16.25
9,"sponges",1999,16.25
10,"sponges",1999,16.25
13,"sponges",1999,16.25
12,"sponges",1999,16.25
6,"sponges",1999,16.25
2,"sponges",2000,15
11,"sponges",2000,15
5,"sponges",2000,15
4,"sponges",2000,15
3,"sponges",2000,15
14,"sponges",2000,15
7,"sponges",2000,15
1,"sponges",2000,15
8,"sponges",2000,15
9,"sponges",2000,15
10,"sponges",2000,15
13,"sponges",2000,15
12,"sponges",2000,15
6,"sponges",2000,15
2,"sponges",2001,10.25
11,"sponges",2001,10.25
5,"sponges",2001,10.25
4,"sponges",2001,10.25
3,"sponges",2001,10.25
14,"sponges",2001,10.25
7,"sponges",2001,10.25
1,"sponges",2001,10.25
8,"sponges",2001,10.25
9,"sponges",2001,10.25
10,"sponges",2001,10.25
13,"sponges",2001,10.25
12,"sponges",2001,10.25
6,"sponges",2001,10.25
2,"sponges",2002,9.75
11,"sponges",2002,9.75
5,"sponges",2002,9.75
4,"sponges",2002,9.75
3,"sponges",2002,9.75
14,"sponges",2002,9.75
7,"sponges",2002,9.75
1,"sponges",2002,9.75
8,"sponges",2002,9.75
9,"sponges",2002,9.75
10,"sponges",2002,9.75
13,"sponges",2002,9.75
12,"sponges",2002,9.75
6,"sponges",2002,9.75
2,"sponges",2003,8.5
11,"sponges",2003,8.5
5,"sponges",2003,8.5
4,"sponges",2003,8.5
3,"sponges",2003,8.5
14,"sponges",2003,8.5
7,"sponges",2003,8.5
1,"sponges",2003,8.5
8,"sponges",2003,8.5
9,"sponges",2003,8.5
10,"sponges",2003,8.5
13,"sponges",2003,8.5
12,"sponges",2003,8.5
6,"sponges",2003,8.5
2,"sponges",2004,12
11,"sponges",2004,12
5,"sponges",2004,12
4,"sponges",2004,12
3,"sponges",2004,12
14,"sponges",2004,12
7,"sponges",2004,12
1,"sponges",2004,12
8,"sponges",2004,12
9,"sponges",2004,12
10,"sponges",2004,12
13,"sponges",2004,12
12,"sponges",2004,12
6,"sponges",2004,12
2,"sponges",2005,11.25
11,"sponges",2005,11.25
5,"sponges",2005,11.25
4,"sponges",2005,11.25
3,"sponges",2005,11.25
14,"sponges",2005,11.25
7,"sponges",2005,11.25
1,"sponges",2005,11.25
8,"sponges",2005,11.25
9,"sponges",2005,11.25
10,"sponges",2005,11.25
13,"sponges",2005,11.25
12,"sponges",2005,11.25
6,"sponges",2005,11.25
2,"sponges",2006,15.75
11,"sponges",2006,15.75
5,"sponges",2006,15.75
4,"sponges",2006,15.75
3,"sponges",2006,15.75
14,"sponges",2006,15.75
7,"sponges",2006,15.75
1,"sponges",2006,15.75
8,"sponges",2006,15.75
9,"sponges",2006,15.75
10,"sponges",2006,15.75
13,"sponges",2006,15.75
12,"sponges",2006,15.75
6,"sponges",2006,15.75
2,"sponges",2007,36.75
11,"sponges",2007,36.75
5,"sponges",2007,36.75
4,"sponges",2007,36.75
3,"sponges",2007,36.75
14,"sponges",2007,36.75
7,"sponges",2007,36.75
1,"sponges",2007,36.75
8,"sponges",2007,36.75
9,"sponges",2007,36.75
10,"sponges",2007,36.75
13,"sponges",2007,36.75
12,"sponges",2007,36.75
6,"sponges",2007,36.75
2,"sponges",2008,66.25
11,"sponges",2008,66.25
5,"sponges",2008,66.25
4,"sponges",2008,66.25
3,"sponges",2008,66.25
14,"sponges",2008,66.25
7,"sponges",2008,66.25
1,"sponges",2008,66.25
8,"sponges",2008,66.25
9,"sponges",2008,66.25
10,"sponges",2008,66.25
13,"sponges",2008,66.25
12,"sponges",2008,66.25
6,"sponges",2008,66.25
2,"sponges",2009,86.75
11,"sponges",2009,86.75
5,"sponges",2009,86.75
4,"sponges",2009,86.75
3,"sponges",2009,86.75
14,"sponges",2009,86.75
7,"sponges",2009,86.75
1,"sponges",2009,86.75
8,"sponges",2009,86.75
9,"sponges",2009,86.75
10,"sponges",2009,86.75
13,"sponges",2009,86.75
12,"sponges",2009,86.75
6,"sponges",2009,86.75
2,"sponges",2010,107.333333333333
11,"sponges",2010,107.333333333333
5,"sponges",2010,107.333333333333
4,"sponges",2010,107.333333333333
3,"sponges",2010,107.333333333333
14,"sponges",2010,107.333333333333
7,"sponges",2010,107.333333333333
1,"sponges",2010,107.333333333333
8,"sponges",2010,107.333333333333
9,"sponges",2010,107.333333333333
10,"sponges",2010,107.333333333333
13,"sponges",2010,107.333333333333
12,"sponges",2010,107.333333333333
6,"sponges",2010,107.333333333333
2,"sponges",2011,112
11,"sponges",2011,112
5,"sponges",2011,112
4,"sponges",2011,112
3,"sponges",2011,112
14,"sponges",2011,112
7,"sponges",2011,112
1,"sponges",2011,112
8,"sponges",2011,112
9,"sponges",2011,112
10,"sponges",2011,112
13,"sponges",2011,112
12,"sponges",2011,112
6,"sponges",2011,112
