"goal","dimension","region_id","score"
"AO","future",0,82.18
"AO","future",1,82.16
"AO","future",2,82.19
"AO","future",3,82.19
"AO","future",4,82.18
"AO","future",5,82.19
"AO","future",6,82.16
"AO","future",7,82.19
"AO","future",8,82.19
"AO","future",9,82.12
"AO","future",10,82.19
"AO","future",11,82.19
"AO","future",12,82.19
"AO","future",13,82.19
"AO","future",14,82.19
"AO","pressures",1,11.36
"AO","pressures",2,11.23
"AO","pressures",3,11.24
"AO","pressures",4,11.25
"AO","pressures",5,11.22
"AO","pressures",6,11.35
"AO","pressures",7,11.24
"AO","pressures",8,11.23
"AO","pressures",9,11.55
"AO","pressures",10,11.22
"AO","pressures",11,11.23
"AO","pressures",12,11.23
"AO","pressures",13,11.23
"AO","pressures",14,11.23
"AO","resilience",1,87.39
"AO","resilience",2,87.39
"AO","resilience",3,87.39
"AO","resilience",4,87.39
"AO","resilience",5,87.39
"AO","resilience",6,87.39
"AO","resilience",7,87.39
"AO","resilience",8,87.39
"AO","resilience",9,87.39
"AO","resilience",10,87.39
"AO","resilience",11,87.39
"AO","resilience",12,87.39
"AO","resilience",13,87.39
"AO","resilience",14,87.39
"AO","score",0,73.8
"AO","score",1,73.79
"AO","score",2,73.8
"AO","score",3,73.8
"AO","score",4,73.8
"AO","score",5,73.8
"AO","score",6,73.79
"AO","score",7,73.8
"AO","score",8,73.8
"AO","score",9,73.77
"AO","score",10,73.8
"AO","score",11,73.8
"AO","score",12,73.8
"AO","score",13,73.8
"AO","score",14,73.8
"AO","status",0,65.42
"AO","status",1,65.42
"AO","status",2,65.42
"AO","status",3,65.42
"AO","status",4,65.42
"AO","status",5,65.42
"AO","status",6,65.42
"AO","status",7,65.42
"AO","status",8,65.42
"AO","status",9,65.42
"AO","status",10,65.42
"AO","status",11,65.42
"AO","status",12,65.42
"AO","status",13,65.42
"AO","status",14,65.42
"AO","trend",1,0.01
"AO","trend",2,0.01
"AO","trend",3,0.01
"AO","trend",4,0.01
"AO","trend",5,0.01
"AO","trend",6,0.01
"AO","trend",7,0.01
"AO","trend",8,0.01
"AO","trend",9,0.01
"AO","trend",10,0.01
"AO","trend",11,0.01
"AO","trend",12,0.01
"AO","trend",13,0.01
"AO","trend",14,0.01
"BD","future",0,100
"BD","future",1,100
"BD","future",2,100
"BD","future",3,100
"BD","future",4,100
"BD","future",5,100
"BD","future",6,100
"BD","future",7,100
"BD","future",8,100
"BD","future",9,100
"BD","future",10,100
"BD","future",11,100
"BD","future",12,100
"BD","future",13,100
"BD","future",14,100
"BD","pressures",1,
"BD","pressures",2,
"BD","pressures",3,
"BD","pressures",4,
"BD","pressures",5,
"BD","pressures",6,
"BD","pressures",7,
"BD","pressures",8,
"BD","pressures",9,
"BD","pressures",10,
"BD","pressures",11,
"BD","pressures",12,
"BD","pressures",13,
"BD","pressures",14,
"BD","resilience",1,
"BD","resilience",2,
"BD","resilience",3,
"BD","resilience",4,
"BD","resilience",5,
"BD","resilience",6,
"BD","resilience",7,
"BD","resilience",8,
"BD","resilience",9,
"BD","resilience",10,
"BD","resilience",11,
"BD","resilience",12,
"BD","resilience",13,
"BD","resilience",14,
"BD","score",0,94.44
"BD","score",1,94.44
"BD","score",2,94.44
"BD","score",3,94.44
"BD","score",4,94.44
"BD","score",5,94.44
"BD","score",6,94.44
"BD","score",7,94.44
"BD","score",8,94.44
"BD","score",9,94.44
"BD","score",10,94.44
"BD","score",11,94.44
"BD","score",12,94.44
"BD","score",13,94.44
"BD","score",14,94.44
"BD","status",0,88.88
"BD","status",1,88.88
"BD","status",2,88.88
"BD","status",3,88.88
"BD","status",4,88.88
"BD","status",5,88.88
"BD","status",6,88.88
"BD","status",7,88.88
"BD","status",8,88.88
"BD","status",9,88.88
"BD","status",10,88.88
"BD","status",11,88.88
"BD","status",12,88.88
"BD","status",13,88.88
"BD","status",14,88.88
"BD","trend",1,0.01
"BD","trend",2,0.01
"BD","trend",3,0.01
"BD","trend",4,0.01
"BD","trend",5,0.01
"BD","trend",6,0.01
"BD","trend",7,0.01
"BD","trend",8,0.01
"BD","trend",9,0.01
"BD","trend",10,0.01
"BD","trend",11,0.01
"BD","trend",12,0.01
"BD","trend",13,0.01
"BD","trend",14,0.01
"CP","future",0,30.86
"CP","future",1,30.86
"CP","future",2,30.86
"CP","future",3,30.86
"CP","future",4,30.86
"CP","future",5,30.86
"CP","future",6,30.86
"CP","future",7,30.86
"CP","future",8,30.86
"CP","future",9,30.86
"CP","future",10,30.86
"CP","future",11,30.86
"CP","future",12,30.86
"CP","future",13,30.86
"CP","future",14,30.86
"CP","pressures",1,30.14
"CP","pressures",2,30.14
"CP","pressures",3,30.14
"CP","pressures",4,30.14
"CP","pressures",5,30.14
"CP","pressures",6,30.14
"CP","pressures",7,30.14
"CP","pressures",8,30.14
"CP","pressures",9,30.14
"CP","pressures",10,30.14
"CP","pressures",11,30.14
"CP","pressures",12,30.14
"CP","pressures",13,30.14
"CP","pressures",14,30.14
"CP","resilience",1,91.73
"CP","resilience",2,91.73
"CP","resilience",3,91.73
"CP","resilience",4,91.73
"CP","resilience",5,91.73
"CP","resilience",6,91.73
"CP","resilience",7,91.73
"CP","resilience",8,91.73
"CP","resilience",9,91.73
"CP","resilience",10,91.73
"CP","resilience",11,91.73
"CP","resilience",12,91.73
"CP","resilience",13,91.73
"CP","resilience",14,91.73
"CP","score",0,28.05
"CP","score",1,28.05
"CP","score",2,28.05
"CP","score",3,28.05
"CP","score",4,28.05
"CP","score",5,28.05
"CP","score",6,28.05
"CP","score",7,28.05
"CP","score",8,28.05
"CP","score",9,28.05
"CP","score",10,28.05
"CP","score",11,28.05
"CP","score",12,28.05
"CP","score",13,28.05
"CP","score",14,28.05
"CP","status",0,25.24
"CP","status",1,25.24
"CP","status",2,25.24
"CP","status",3,25.24
"CP","status",4,25.24
"CP","status",5,25.24
"CP","status",6,25.24
"CP","status",7,25.24
"CP","status",8,25.24
"CP","status",9,25.24
"CP","status",10,25.24
"CP","status",11,25.24
"CP","status",12,25.24
"CP","status",13,25.24
"CP","status",14,25.24
"CP","trend",1,0.03
"CP","trend",2,0.03
"CP","trend",3,0.03
"CP","trend",4,0.03
"CP","trend",5,0.03
"CP","trend",6,0.03
"CP","trend",7,0.03
"CP","trend",8,0.03
"CP","trend",9,0.03
"CP","trend",10,0.03
"CP","trend",11,0.03
"CP","trend",12,0.03
"CP","trend",13,0.03
"CP","trend",14,0.03
"CS","future",0,77.55
"CS","future",1,77.5
"CS","future",2,77.58
"CS","future",3,77.57
"CS","future",4,77.57
"CS","future",5,77.58
"CS","future",6,77.51
"CS","future",7,77.57
"CS","future",8,77.58
"CS","future",9,77.39
"CS","future",10,77.58
"CS","future",11,77.58
"CS","future",12,77.58
"CS","future",13,77.58
"CS","future",14,77.58
"CS","pressures",1,12.77
"CS","pressures",2,12.4
"CS","pressures",3,12.42
"CS","pressures",4,12.45
"CS","pressures",5,12.37
"CS","pressures",6,12.74
"CS","pressures",7,12.41
"CS","pressures",8,12.39
"CS","pressures",9,13.32
"CS","pressures",10,12.37
"CS","pressures",11,12.4
"CS","pressures",12,12.39
"CS","pressures",13,12.4
"CS","pressures",14,12.4
"CS","resilience",1,91.73
"CS","resilience",2,91.73
"CS","resilience",3,91.73
"CS","resilience",4,91.73
"CS","resilience",5,91.73
"CS","resilience",6,91.73
"CS","resilience",7,91.73
"CS","resilience",8,91.73
"CS","resilience",9,91.73
"CS","resilience",10,91.73
"CS","resilience",11,91.73
"CS","resilience",12,91.73
"CS","resilience",13,91.73
"CS","resilience",14,91.73
"CS","score",0,69.52
"CS","score",1,69.49
"CS","score",2,69.53
"CS","score",3,69.53
"CS","score",4,69.52
"CS","score",5,69.53
"CS","score",6,69.49
"CS","score",7,69.53
"CS","score",8,69.53
"CS","score",9,69.43
"CS","score",10,69.53
"CS","score",11,69.53
"CS","score",12,69.53
"CS","score",13,69.53
"CS","score",14,69.53
"CS","status",0,61.48
"CS","status",1,61.48
"CS","status",2,61.48
"CS","status",3,61.48
"CS","status",4,61.48
"CS","status",5,61.48
"CS","status",6,61.48
"CS","status",7,61.48
"CS","status",8,61.48
"CS","status",9,61.48
"CS","status",10,61.48
"CS","status",11,61.48
"CS","status",12,61.48
"CS","status",13,61.48
"CS","status",14,61.48
"CS","trend",1,0
"CS","trend",2,0
"CS","trend",3,0
"CS","trend",4,0
"CS","trend",5,0
"CS","trend",6,0
"CS","trend",7,0
"CS","trend",8,0
"CS","trend",9,0
"CS","trend",10,0
"CS","trend",11,0
"CS","trend",12,0
"CS","trend",13,0
"CS","trend",14,0
"CW","future",0,91.95
"CW","future",1,91.95
"CW","future",2,91.95
"CW","future",3,91.95
"CW","future",4,91.95
"CW","future",5,91.95
"CW","future",6,91.95
"CW","future",7,91.95
"CW","future",8,91.95
"CW","future",9,91.95
"CW","future",10,91.95
"CW","future",11,91.95
"CW","future",12,91.95
"CW","future",13,91.95
"CW","future",14,91.95
"CW","pressures",1,48.96
"CW","pressures",2,48.96
"CW","pressures",3,48.96
"CW","pressures",4,48.96
"CW","pressures",5,48.96
"CW","pressures",6,48.96
"CW","pressures",7,48.96
"CW","pressures",8,48.96
"CW","pressures",9,48.96
"CW","pressures",10,48.96
"CW","pressures",11,48.96
"CW","pressures",12,48.96
"CW","pressures",13,48.96
"CW","pressures",14,48.96
"CW","resilience",1,93.25
"CW","resilience",2,93.25
"CW","resilience",3,93.25
"CW","resilience",4,93.25
"CW","resilience",5,93.25
"CW","resilience",6,93.25
"CW","resilience",7,93.25
"CW","resilience",8,93.25
"CW","resilience",9,93.25
"CW","resilience",10,93.25
"CW","resilience",11,93.25
"CW","resilience",12,93.25
"CW","resilience",13,93.25
"CW","resilience",14,93.25
"CW","score",0,84.74
"CW","score",1,84.74
"CW","score",2,84.74
"CW","score",3,84.74
"CW","score",4,84.74
"CW","score",5,84.74
"CW","score",6,84.74
"CW","score",7,84.74
"CW","score",8,84.74
"CW","score",9,84.74
"CW","score",10,84.74
"CW","score",11,84.74
"CW","score",12,84.74
"CW","score",13,84.74
"CW","score",14,84.74
"CW","status",0,77.54
"CW","status",1,77.54
"CW","status",2,77.54
"CW","status",3,77.54
"CW","status",4,77.54
"CW","status",5,77.54
"CW","status",6,77.54
"CW","status",7,77.54
"CW","status",8,77.54
"CW","status",9,77.54
"CW","status",10,77.54
"CW","status",11,77.54
"CW","status",12,77.54
"CW","status",13,77.54
"CW","status",14,77.54
"CW","trend",1,0.06
"CW","trend",2,0.06
"CW","trend",3,0.06
"CW","trend",4,0.06
"CW","trend",5,0.06
"CW","trend",6,0.06
"CW","trend",7,0.06
"CW","trend",8,0.06
"CW","trend",9,0.06
"CW","trend",10,0.06
"CW","trend",11,0.06
"CW","trend",12,0.06
"CW","trend",13,0.06
"CW","trend",14,0.06
"ECO","future",0,100
"ECO","future",1,100
"ECO","future",2,100
"ECO","future",3,100
"ECO","future",4,100
"ECO","future",5,100
"ECO","future",6,100
"ECO","future",7,100
"ECO","future",8,100
"ECO","future",9,100
"ECO","future",10,100
"ECO","future",11,100
"ECO","future",12,100
"ECO","future",13,100
"ECO","future",14,100
"ECO","pressures",1,14.54
"ECO","pressures",2,14.53
"ECO","pressures",3,14.53
"ECO","pressures",4,14.53
"ECO","pressures",5,14.53
"ECO","pressures",6,14.54
"ECO","pressures",7,14.53
"ECO","pressures",8,14.53
"ECO","pressures",9,14.55
"ECO","pressures",10,14.53
"ECO","pressures",11,14.53
"ECO","pressures",12,14.53
"ECO","pressures",13,14.53
"ECO","pressures",14,14.53
"ECO","resilience",1,82.39
"ECO","resilience",2,82.39
"ECO","resilience",3,82.39
"ECO","resilience",4,82.39
"ECO","resilience",5,82.39
"ECO","resilience",6,82.39
"ECO","resilience",7,82.39
"ECO","resilience",8,82.39
"ECO","resilience",9,82.39
"ECO","resilience",10,82.39
"ECO","resilience",11,82.39
"ECO","resilience",12,82.39
"ECO","resilience",13,82.39
"ECO","resilience",14,82.39
"ECO","score",0,100
"ECO","score",1,100
"ECO","score",2,100
"ECO","score",3,100
"ECO","score",4,100
"ECO","score",5,100
"ECO","score",6,100
"ECO","score",7,100
"ECO","score",8,100
"ECO","score",9,100
"ECO","score",10,100
"ECO","score",11,100
"ECO","score",12,100
"ECO","score",13,100
"ECO","score",14,100
"ECO","status",0,100
"ECO","status",1,100
"ECO","status",2,100
"ECO","status",3,100
"ECO","status",4,100
"ECO","status",5,100
"ECO","status",6,100
"ECO","status",7,100
"ECO","status",8,100
"ECO","status",9,100
"ECO","status",10,100
"ECO","status",11,100
"ECO","status",12,100
"ECO","status",13,100
"ECO","status",14,100
"ECO","trend",1,1
"ECO","trend",2,1
"ECO","trend",3,1
"ECO","trend",4,1
"ECO","trend",5,1
"ECO","trend",6,1
"ECO","trend",7,1
"ECO","trend",8,1
"ECO","trend",9,1
"ECO","trend",10,1
"ECO","trend",11,1
"ECO","trend",12,1
"ECO","trend",13,1
"ECO","trend",14,1
"FIS","future",0,9.36
"FIS","future",1,3.71
"FIS","future",2,3.71
"FIS","future",3,9.89
"FIS","future",4,1.24
"FIS","future",5,19.78
"FIS","future",6,4.94
"FIS","future",7,1.24
"FIS","future",8,1.24
"FIS","future",9,7.41
"FIS","future",10,4.95
"FIS","future",11,4.95
"FIS","future",12,6.18
"FIS","future",13,6.18
"FIS","future",14,4.95
"FIS","pressures",1,14.75
"FIS","pressures",2,14.65
"FIS","pressures",3,14.66
"FIS","pressures",4,14.67
"FIS","pressures",5,14.64
"FIS","pressures",6,14.74
"FIS","pressures",7,14.66
"FIS","pressures",8,14.65
"FIS","pressures",9,14.89
"FIS","pressures",10,14.64
"FIS","pressures",11,14.65
"FIS","pressures",12,14.65
"FIS","pressures",13,14.65
"FIS","pressures",14,14.65
"FIS","resilience",1,86.32
"FIS","resilience",2,86.32
"FIS","resilience",3,86.32
"FIS","resilience",4,86.32
"FIS","resilience",5,86.32
"FIS","resilience",6,86.32
"FIS","resilience",7,86.32
"FIS","resilience",8,86.32
"FIS","resilience",9,86.32
"FIS","resilience",10,86.32
"FIS","resilience",11,86.32
"FIS","resilience",12,86.32
"FIS","resilience",13,86.32
"FIS","resilience",14,86.32
"FIS","score",0,8.47
"FIS","score",1,3.35
"FIS","score",2,3.35
"FIS","score",3,8.95
"FIS","score",4,1.12
"FIS","score",5,17.89
"FIS","score",6,4.47
"FIS","score",7,1.12
"FIS","score",8,1.12
"FIS","score",9,6.71
"FIS","score",10,4.47
"FIS","score",11,4.47
"FIS","score",12,5.59
"FIS","score",13,5.59
"FIS","score",14,4.47
"FIS","status",0,7.57
"FIS","status",1,3
"FIS","status",2,3
"FIS","status",3,8
"FIS","status",4,1
"FIS","status",5,16
"FIS","status",6,4
"FIS","status",7,1
"FIS","status",8,1
"FIS","status",9,6
"FIS","status",10,4
"FIS","status",11,4
"FIS","status",12,5
"FIS","status",13,5
"FIS","status",14,4
"FIS","trend",1,0
"FIS","trend",2,0
"FIS","trend",3,0
"FIS","trend",4,0
"FIS","trend",5,0
"FIS","trend",6,0
"FIS","trend",7,0
"FIS","trend",8,0
"FIS","trend",9,0
"FIS","trend",10,0
"FIS","trend",11,0
"FIS","trend",12,0
"FIS","trend",13,0
"FIS","trend",14,0
"FP","future",0,10.34
"FP","future",1,3.78
"FP","future",2,4.26
"FP","future",3,10.97
"FP","future",4,1.49
"FP","future",5,21.26
"FP","future",6,5.01
"FP","future",7,1.63
"FP","future",8,1.75
"FP","future",9,7.41
"FP","future",10,6.37
"FP","future",11,5.78
"FP","future",12,7.23
"FP","future",13,7.51
"FP","future",14,6.7
"FP","pressures",1,
"FP","pressures",2,
"FP","pressures",3,
"FP","pressures",4,
"FP","pressures",5,
"FP","pressures",6,
"FP","pressures",7,
"FP","pressures",8,
"FP","pressures",9,
"FP","pressures",10,
"FP","pressures",11,
"FP","pressures",12,
"FP","pressures",13,
"FP","pressures",14,
"FP","resilience",1,
"FP","resilience",2,
"FP","resilience",3,
"FP","resilience",4,
"FP","resilience",5,
"FP","resilience",6,
"FP","resilience",7,
"FP","resilience",8,
"FP","resilience",9,
"FP","resilience",10,
"FP","resilience",11,
"FP","resilience",12,
"FP","resilience",13,
"FP","resilience",14,
"FP","score",0,9.39
"FP","score",1,3.41
"FP","score",2,3.85
"FP","score",3,9.9
"FP","score",4,1.35
"FP","score",5,19.41
"FP","score",6,4.53
"FP","score",7,1.47
"FP","score",8,1.58
"FP","score",9,6.7
"FP","score",10,5.73
"FP","score",11,5.21
"FP","score",12,6.51
"FP","score",13,6.77
"FP","score",14,6.05
"FP","status",0,8.43
"FP","status",1,3.05
"FP","status",2,3.44
"FP","status",3,8.83
"FP","status",4,1.21
"FP","status",5,17.55
"FP","status",6,4.05
"FP","status",7,1.32
"FP","status",8,1.41
"FP","status",9,6
"FP","status",10,5.09
"FP","status",11,4.65
"FP","status",12,5.8
"FP","status",13,6.03
"FP","status",14,5.41
"FP","trend",1,0
"FP","trend",2,0
"FP","trend",3,0
"FP","trend",4,0
"FP","trend",5,0
"FP","trend",6,0
"FP","trend",7,0
"FP","trend",8,0
"FP","trend",9,0
"FP","trend",10,0
"FP","trend",11,0
"FP","trend",12,0
"FP","trend",13,0
"FP","trend",14,0
"HAB","future",0,100
"HAB","future",1,100
"HAB","future",2,100
"HAB","future",3,100
"HAB","future",4,100
"HAB","future",5,100
"HAB","future",6,100
"HAB","future",7,100
"HAB","future",8,100
"HAB","future",9,100
"HAB","future",10,100
"HAB","future",11,100
"HAB","future",12,100
"HAB","future",13,100
"HAB","future",14,100
"HAB","pressures",1,11.98
"HAB","pressures",2,11.86
"HAB","pressures",3,11.86
"HAB","pressures",4,11.87
"HAB","pressures",5,11.85
"HAB","pressures",6,11.97
"HAB","pressures",7,11.86
"HAB","pressures",8,11.85
"HAB","pressures",9,12.17
"HAB","pressures",10,11.85
"HAB","pressures",11,11.86
"HAB","pressures",12,11.85
"HAB","pressures",13,11.86
"HAB","pressures",14,11.86
"HAB","resilience",1,86.6
"HAB","resilience",2,86.6
"HAB","resilience",3,86.6
"HAB","resilience",4,86.6
"HAB","resilience",5,86.6
"HAB","resilience",6,86.6
"HAB","resilience",7,86.6
"HAB","resilience",8,86.6
"HAB","resilience",9,86.6
"HAB","resilience",10,86.6
"HAB","resilience",11,86.6
"HAB","resilience",12,86.6
"HAB","resilience",13,86.6
"HAB","resilience",14,86.6
"HAB","score",0,93.75
"HAB","score",1,93.75
"HAB","score",2,93.75
"HAB","score",3,93.75
"HAB","score",4,93.75
"HAB","score",5,93.75
"HAB","score",6,93.75
"HAB","score",7,93.75
"HAB","score",8,93.75
"HAB","score",9,93.75
"HAB","score",10,93.75
"HAB","score",11,93.75
"HAB","score",12,93.75
"HAB","score",13,93.75
"HAB","score",14,93.75
"HAB","status",0,87.5
"HAB","status",1,87.5
"HAB","status",2,87.5
"HAB","status",3,87.5
"HAB","status",4,87.5
"HAB","status",5,87.5
"HAB","status",6,87.5
"HAB","status",7,87.5
"HAB","status",8,87.5
"HAB","status",9,87.5
"HAB","status",10,87.5
"HAB","status",11,87.5
"HAB","status",12,87.5
"HAB","status",13,87.5
"HAB","status",14,87.5
"HAB","trend",1,0.05
"HAB","trend",2,0.05
"HAB","trend",3,0.05
"HAB","trend",4,0.05
"HAB","trend",5,0.05
"HAB","trend",6,0.05
"HAB","trend",7,0.05
"HAB","trend",8,0.05
"HAB","trend",9,0.05
"HAB","trend",10,0.05
"HAB","trend",11,0.05
"HAB","trend",12,0.05
"HAB","trend",13,0.05
"HAB","trend",14,0.05
"ICO","future",0,75.14
"ICO","future",1,75.09
"ICO","future",2,75.16
"ICO","future",3,75.16
"ICO","future",4,75.15
"ICO","future",5,75.17
"ICO","future",6,75.1
"ICO","future",7,75.16
"ICO","future",8,75.16
"ICO","future",9,74.99
"ICO","future",10,75.17
"ICO","future",11,75.16
"ICO","future",12,75.16
"ICO","future",13,75.16
"ICO","future",14,75.16
"ICO","pressures",1,15.02
"ICO","pressures",2,14.72
"ICO","pressures",3,14.73
"ICO","pressures",4,14.76
"ICO","pressures",5,14.69
"ICO","pressures",6,15
"ICO","pressures",7,14.73
"ICO","pressures",8,14.71
"ICO","pressures",9,15.47
"ICO","pressures",10,14.69
"ICO","pressures",11,14.72
"ICO","pressures",12,14.71
"ICO","pressures",13,14.72
"ICO","pressures",14,14.72
"ICO","resilience",1,87.82
"ICO","resilience",2,87.82
"ICO","resilience",3,87.82
"ICO","resilience",4,87.82
"ICO","resilience",5,87.82
"ICO","resilience",6,87.82
"ICO","resilience",7,87.82
"ICO","resilience",8,87.82
"ICO","resilience",9,87.82
"ICO","resilience",10,87.82
"ICO","resilience",11,87.82
"ICO","resilience",12,87.82
"ICO","resilience",13,87.82
"ICO","resilience",14,87.82
"ICO","score",0,72.57
"ICO","score",1,72.55
"ICO","score",2,72.58
"ICO","score",3,72.58
"ICO","score",4,72.58
"ICO","score",5,72.58
"ICO","score",6,72.55
"ICO","score",7,72.58
"ICO","score",8,72.58
"ICO","score",9,72.49
"ICO","score",10,72.58
"ICO","score",11,72.58
"ICO","score",12,72.58
"ICO","score",13,72.58
"ICO","score",14,72.58
"ICO","status",0,70
"ICO","status",1,70
"ICO","status",2,70
"ICO","status",3,70
"ICO","status",4,70
"ICO","status",5,70
"ICO","status",6,70
"ICO","status",7,70
"ICO","status",8,70
"ICO","status",9,70
"ICO","status",10,70
"ICO","status",11,70
"ICO","status",12,70
"ICO","status",13,70
"ICO","status",14,70
"ICO","trend",1,-0.25
"ICO","trend",2,-0.25
"ICO","trend",3,-0.25
"ICO","trend",4,-0.25
"ICO","trend",5,-0.25
"ICO","trend",6,-0.25
"ICO","trend",7,-0.25
"ICO","trend",8,-0.25
"ICO","trend",9,-0.25
"ICO","trend",10,-0.25
"ICO","trend",11,-0.25
"ICO","trend",12,-0.25
"ICO","trend",13,-0.25
"ICO","trend",14,-0.25
"Index","future",0,73.24
"Index","future",1,72.85
"Index","future",2,72.93
"Index","future",3,73.27
"Index","future",4,72.77
"Index","future",5,73.87
"Index","future",6,72.91
"Index","future",7,72.79
"Index","future",8,72.8
"Index","future",9,72.96
"Index","future",10,73.09
"Index","future",11,73.01
"Index","future",12,73.1
"Index","future",13,73.11
"Index","future",14,73.06
"Index","score",0,69.16
"Index","score",1,68.79
"Index","score",2,68.86
"Index","score",3,69.18
"Index","score",4,68.71
"Index","score",5,69.76
"Index","score",6,68.85
"Index","score",7,68.72
"Index","score",8,68.74
"Index","score",9,68.91
"Index","score",10,69
"Index","score",11,68.94
"Index","score",12,69.02
"Index","score",13,69.03
"Index","score",14,68.99
"LE","future",0,100
"LE","future",1,100
"LE","future",2,100
"LE","future",3,100
"LE","future",4,100
"LE","future",5,100
"LE","future",6,100
"LE","future",7,100
"LE","future",8,100
"LE","future",9,100
"LE","future",10,100
"LE","future",11,100
"LE","future",12,100
"LE","future",13,100
"LE","future",14,100
"LE","pressures",1,
"LE","pressures",2,
"LE","pressures",3,
"LE","pressures",4,
"LE","pressures",5,
"LE","pressures",6,
"LE","pressures",7,
"LE","pressures",8,
"LE","pressures",9,
"LE","pressures",10,
"LE","pressures",11,
"LE","pressures",12,
"LE","pressures",13,
"LE","pressures",14,
"LE","resilience",1,
"LE","resilience",2,
"LE","resilience",3,
"LE","resilience",4,
"LE","resilience",5,
"LE","resilience",6,
"LE","resilience",7,
"LE","resilience",8,
"LE","resilience",9,
"LE","resilience",10,
"LE","resilience",11,
"LE","resilience",12,
"LE","resilience",13,
"LE","resilience",14,
"LE","score",0,100
"LE","score",1,100
"LE","score",2,100
"LE","score",3,100
"LE","score",4,100
"LE","score",5,100
"LE","score",6,100
"LE","score",7,100
"LE","score",8,100
"LE","score",9,100
"LE","score",10,100
"LE","score",11,100
"LE","score",12,100
"LE","score",13,100
"LE","score",14,100
"LE","status",0,100
"LE","status",1,100
"LE","status",2,100
"LE","status",3,100
"LE","status",4,100
"LE","status",5,100
"LE","status",6,100
"LE","status",7,100
"LE","status",8,100
"LE","status",9,100
"LE","status",10,100
"LE","status",11,100
"LE","status",12,100
"LE","status",13,100
"LE","status",14,100
"LE","trend",1,0.78
"LE","trend",2,0.78
"LE","trend",3,0.78
"LE","trend",4,0.78
"LE","trend",5,0.78
"LE","trend",6,0.78
"LE","trend",7,0.78
"LE","trend",8,0.78
"LE","trend",9,0.78
"LE","trend",10,0.78
"LE","trend",11,0.78
"LE","trend",12,0.78
"LE","trend",13,0.78
"LE","trend",14,0.78
"LIV","future",0,100
"LIV","future",1,100
"LIV","future",2,100
"LIV","future",3,100
"LIV","future",4,100
"LIV","future",5,100
"LIV","future",6,100
"LIV","future",7,100
"LIV","future",8,100
"LIV","future",9,100
"LIV","future",10,100
"LIV","future",11,100
"LIV","future",12,100
"LIV","future",13,100
"LIV","future",14,100
"LIV","pressures",1,14.52
"LIV","pressures",2,14.51
"LIV","pressures",3,14.51
"LIV","pressures",4,14.51
"LIV","pressures",5,14.51
"LIV","pressures",6,14.52
"LIV","pressures",7,14.51
"LIV","pressures",8,14.51
"LIV","pressures",9,14.54
"LIV","pressures",10,14.51
"LIV","pressures",11,14.51
"LIV","pressures",12,14.51
"LIV","pressures",13,14.51
"LIV","pressures",14,14.51
"LIV","resilience",1,60.47
"LIV","resilience",2,60.47
"LIV","resilience",3,60.47
"LIV","resilience",4,60.47
"LIV","resilience",5,60.47
"LIV","resilience",6,60.47
"LIV","resilience",7,60.47
"LIV","resilience",8,60.47
"LIV","resilience",9,60.47
"LIV","resilience",10,60.47
"LIV","resilience",11,60.47
"LIV","resilience",12,60.47
"LIV","resilience",13,60.47
"LIV","resilience",14,60.47
"LIV","score",0,100
"LIV","score",1,100
"LIV","score",2,100
"LIV","score",3,100
"LIV","score",4,100
"LIV","score",5,100
"LIV","score",6,100
"LIV","score",7,100
"LIV","score",8,100
"LIV","score",9,100
"LIV","score",10,100
"LIV","score",11,100
"LIV","score",12,100
"LIV","score",13,100
"LIV","score",14,100
"LIV","status",0,100
"LIV","status",1,100
"LIV","status",2,100
"LIV","status",3,100
"LIV","status",4,100
"LIV","status",5,100
"LIV","status",6,100
"LIV","status",7,100
"LIV","status",8,100
"LIV","status",9,100
"LIV","status",10,100
"LIV","status",11,100
"LIV","status",12,100
"LIV","status",13,100
"LIV","status",14,100
"LIV","trend",1,0.56
"LIV","trend",2,0.56
"LIV","trend",3,0.56
"LIV","trend",4,0.56
"LIV","trend",5,0.56
"LIV","trend",6,0.56
"LIV","trend",7,0.56
"LIV","trend",8,0.56
"LIV","trend",9,0.56
"LIV","trend",10,0.56
"LIV","trend",11,0.56
"LIV","trend",12,0.56
"LIV","trend",13,0.56
"LIV","trend",14,0.56
"LSP","future",0,100
"LSP","future",1,100
"LSP","future",2,100
"LSP","future",3,100
"LSP","future",4,100
"LSP","future",5,100
"LSP","future",6,100
"LSP","future",7,100
"LSP","future",8,100
"LSP","future",9,100
"LSP","future",10,100
"LSP","future",11,100
"LSP","future",12,100
"LSP","future",13,100
"LSP","future",14,100
"LSP","pressures",1,22.52
"LSP","pressures",2,22.13
"LSP","pressures",3,22.15
"LSP","pressures",4,22.19
"LSP","pressures",5,22.1
"LSP","pressures",6,22.49
"LSP","pressures",7,22.15
"LSP","pressures",8,22.12
"LSP","pressures",9,23.08
"LSP","pressures",10,22.1
"LSP","pressures",11,22.13
"LSP","pressures",12,22.12
"LSP","pressures",13,22.13
"LSP","pressures",14,22.13
"LSP","resilience",1,90.97
"LSP","resilience",2,90.97
"LSP","resilience",3,90.97
"LSP","resilience",4,90.97
"LSP","resilience",5,90.97
"LSP","resilience",6,90.97
"LSP","resilience",7,90.97
"LSP","resilience",8,90.97
"LSP","resilience",9,90.97
"LSP","resilience",10,90.97
"LSP","resilience",11,90.97
"LSP","resilience",12,90.97
"LSP","resilience",13,90.97
"LSP","resilience",14,90.97
"LSP","score",0,100
"LSP","score",1,100
"LSP","score",2,100
"LSP","score",3,100
"LSP","score",4,100
"LSP","score",5,100
"LSP","score",6,100
"LSP","score",7,100
"LSP","score",8,100
"LSP","score",9,100
"LSP","score",10,100
"LSP","score",11,100
"LSP","score",12,100
"LSP","score",13,100
"LSP","score",14,100
"LSP","status",0,100
"LSP","status",1,100
"LSP","status",2,100
"LSP","status",3,100
"LSP","status",4,100
"LSP","status",5,100
"LSP","status",6,100
"LSP","status",7,100
"LSP","status",8,100
"LSP","status",9,100
"LSP","status",10,100
"LSP","status",11,100
"LSP","status",12,100
"LSP","status",13,100
"LSP","status",14,100
"LSP","trend",1,0
"LSP","trend",2,0
"LSP","trend",3,0
"LSP","trend",4,0
"LSP","trend",5,0
"LSP","trend",6,0
"LSP","trend",7,0
"LSP","trend",8,0
"LSP","trend",9,0
"LSP","trend",10,0
"LSP","trend",11,0
"LSP","trend",12,0
"LSP","trend",13,0
"LSP","trend",14,0
"MAR","future",0,62.25
"MAR","future",1,7.32
"MAR","future",2,33.78
"MAR","future",3,68.56
"MAR","future",4,15.04
"MAR","future",5,100
"MAR","future",6,8.58
"MAR","future",7,22.64
"MAR","future",8,29.21
"MAR","future",9,7.28
"MAR","future",10,81.84
"MAR","future",11,50.02
"MAR","future",12,62.74
"MAR","future",13,78.2
"MAR","future",14,100
"MAR","pressures",1,15.36
"MAR","pressures",2,15.36
"MAR","pressures",3,15.36
"MAR","pressures",4,15.36
"MAR","pressures",5,15.36
"MAR","pressures",6,15.36
"MAR","pressures",7,15.36
"MAR","pressures",8,15.36
"MAR","pressures",9,15.36
"MAR","pressures",10,15.36
"MAR","pressures",11,15.36
"MAR","pressures",12,15.36
"MAR","pressures",13,15.36
"MAR","pressures",14,15.36
"MAR","resilience",1,84.6
"MAR","resilience",2,84.6
"MAR","resilience",3,84.6
"MAR","resilience",4,84.6
"MAR","resilience",5,84.6
"MAR","resilience",6,84.6
"MAR","resilience",7,84.6
"MAR","resilience",8,84.6
"MAR","resilience",9,84.6
"MAR","resilience",10,84.6
"MAR","resilience",11,84.6
"MAR","resilience",12,84.6
"MAR","resilience",13,84.6
"MAR","resilience",14,84.6
"MAR","score",0,58.22
"MAR","score",1,6.63
"MAR","score",2,30.28
"MAR","score",3,60.88
"MAR","score",4,13.57
"MAR","score",5,100
"MAR","score",6,7.77
"MAR","score",7,20.38
"MAR","score",8,26.24
"MAR","score",9,6.58
"MAR","score",10,72.35
"MAR","score",11,44.62
"MAR","score",12,55.59
"MAR","score",13,69.44
"MAR","score",14,90.18
"MAR","status",0,54.19
"MAR","status",1,5.93
"MAR","status",2,26.77
"MAR","status",3,53.2
"MAR","status",4,12.11
"MAR","status",5,100
"MAR","status",6,6.95
"MAR","status",7,18.13
"MAR","status",8,23.27
"MAR","status",9,5.89
"MAR","status",10,62.85
"MAR","status",11,39.22
"MAR","status",12,48.43
"MAR","status",13,60.68
"MAR","status",14,80.35
"MAR","trend",1,0.01
"MAR","trend",2,0.05
"MAR","trend",3,0.09
"MAR","trend",4,0.02
"MAR","trend",5,0
"MAR","trend",6,0.01
"MAR","trend",7,0.03
"MAR","trend",8,0.04
"MAR","trend",9,0.01
"MAR","trend",10,0.11
"MAR","trend",11,0.07
"MAR","trend",12,0.1
"MAR","trend",13,0.09
"MAR","trend",14,0.14
"NP","future",0,51.99
"NP","future",1,54.68
"NP","future",2,54.9
"NP","future",3,51.57
"NP","future",4,56.08
"NP","future",5,47.25
"NP","future",6,54.07
"NP","future",7,56.08
"NP","future",8,56.14
"NP","future",9,52.35
"NP","future",10,54.33
"NP","future",11,54.18
"NP","future",12,53.63
"NP","future",13,53.44
"NP","future",14,53.79
"NP","pressures",1,11.04
"NP","pressures",2,11.04
"NP","pressures",3,11.04
"NP","pressures",4,11.04
"NP","pressures",5,11.04
"NP","pressures",6,11.04
"NP","pressures",7,11.04
"NP","pressures",8,11.04
"NP","pressures",9,11.05
"NP","pressures",10,11.04
"NP","pressures",11,11.04
"NP","pressures",12,11.04
"NP","pressures",13,11.04
"NP","pressures",14,11.04
"NP","resilience",1,88.74
"NP","resilience",2,88.74
"NP","resilience",3,88.74
"NP","resilience",4,88.74
"NP","resilience",5,88.74
"NP","resilience",6,88.74
"NP","resilience",7,88.74
"NP","resilience",8,88.74
"NP","resilience",9,88.74
"NP","resilience",10,88.74
"NP","resilience",11,88.74
"NP","resilience",12,88.74
"NP","resilience",13,88.74
"NP","resilience",14,88.74
"NP","score",0,45.42
"NP","score",1,47.71
"NP","score",2,47.9
"NP","score",3,45.06
"NP","score",4,48.9
"NP","score",5,41.37
"NP","score",6,47.19
"NP","score",7,48.9
"NP","score",8,48.94
"NP","score",9,45.73
"NP","score",10,47.41
"NP","score",11,47.29
"NP","score",12,46.81
"NP","score",13,46.65
"NP","score",14,46.95
"NP","status",0,38.85
"NP","status",1,40.74
"NP","status",2,40.89
"NP","status",3,38.56
"NP","status",4,41.71
"NP","status",5,35.5
"NP","status",6,40.31
"NP","status",7,41.71
"NP","status",8,41.75
"NP","status",9,39.12
"NP","status",10,40.49
"NP","status",11,40.39
"NP","status",12,40
"NP","status",13,39.87
"NP","status",14,40.12
"NP","trend",1,0.13
"NP","trend",2,0.13
"NP","trend",3,0.12
"NP","trend",4,0.13
"NP","trend",5,0.11
"NP","trend",6,0.13
"NP","trend",7,0.13
"NP","trend",8,0.13
"NP","trend",9,0.12
"NP","trend",10,0.13
"NP","trend",11,0.13
"NP","trend",12,0.13
"NP","trend",13,0.13
"NP","trend",14,0.13
"SP","future",0,87.57
"SP","future",1,87.55
"SP","future",2,87.58
"SP","future",3,87.58
"SP","future",4,87.58
"SP","future",5,87.58
"SP","future",6,87.55
"SP","future",7,87.58
"SP","future",8,87.58
"SP","future",9,87.49
"SP","future",10,87.58
"SP","future",11,87.58
"SP","future",12,87.58
"SP","future",13,87.58
"SP","future",14,87.58
"SP","pressures",1,
"SP","pressures",2,
"SP","pressures",3,
"SP","pressures",4,
"SP","pressures",5,
"SP","pressures",6,
"SP","pressures",7,
"SP","pressures",8,
"SP","pressures",9,
"SP","pressures",10,
"SP","pressures",11,
"SP","pressures",12,
"SP","pressures",13,
"SP","pressures",14,
"SP","resilience",1,
"SP","resilience",2,
"SP","resilience",3,
"SP","resilience",4,
"SP","resilience",5,
"SP","resilience",6,
"SP","resilience",7,
"SP","resilience",8,
"SP","resilience",9,
"SP","resilience",10,
"SP","resilience",11,
"SP","resilience",12,
"SP","resilience",13,
"SP","resilience",14,
"SP","score",0,86.28
"SP","score",1,86.27
"SP","score",2,86.29
"SP","score",3,86.29
"SP","score",4,86.29
"SP","score",5,86.29
"SP","score",6,86.27
"SP","score",7,86.29
"SP","score",8,86.29
"SP","score",9,86.25
"SP","score",10,86.29
"SP","score",11,86.29
"SP","score",12,86.29
"SP","score",13,86.29
"SP","score",14,86.29
"SP","status",0,85
"SP","status",1,85
"SP","status",2,85
"SP","status",3,85
"SP","status",4,85
"SP","status",5,85
"SP","status",6,85
"SP","status",7,85
"SP","status",8,85
"SP","status",9,85
"SP","status",10,85
"SP","status",11,85
"SP","status",12,85
"SP","status",13,85
"SP","status",14,85
"SP","trend",1,-0.12
"SP","trend",2,-0.12
"SP","trend",3,-0.12
"SP","trend",4,-0.12
"SP","trend",5,-0.12
"SP","trend",6,-0.12
"SP","trend",7,-0.12
"SP","trend",8,-0.12
"SP","trend",9,-0.12
"SP","trend",10,-0.12
"SP","trend",11,-0.12
"SP","trend",12,-0.12
"SP","trend",13,-0.12
"SP","trend",14,-0.12
"SPP","future",0,100
"SPP","future",1,100
"SPP","future",2,100
"SPP","future",3,100
"SPP","future",4,100
"SPP","future",5,100
"SPP","future",6,100
"SPP","future",7,100
"SPP","future",8,100
"SPP","future",9,100
"SPP","future",10,100
"SPP","future",11,100
"SPP","future",12,100
"SPP","future",13,100
"SPP","future",14,100
"SPP","pressures",1,17.89
"SPP","pressures",2,17.7
"SPP","pressures",3,17.71
"SPP","pressures",4,17.73
"SPP","pressures",5,17.69
"SPP","pressures",6,17.87
"SPP","pressures",7,17.71
"SPP","pressures",8,17.7
"SPP","pressures",9,18.16
"SPP","pressures",10,17.69
"SPP","pressures",11,17.7
"SPP","pressures",12,17.7
"SPP","pressures",13,17.7
"SPP","pressures",14,17.7
"SPP","resilience",1,85.01
"SPP","resilience",2,85.01
"SPP","resilience",3,85.01
"SPP","resilience",4,85.01
"SPP","resilience",5,85.01
"SPP","resilience",6,85.01
"SPP","resilience",7,85.01
"SPP","resilience",8,85.01
"SPP","resilience",9,85.01
"SPP","resilience",10,85.01
"SPP","resilience",11,85.01
"SPP","resilience",12,85.01
"SPP","resilience",13,85.01
"SPP","resilience",14,85.01
"SPP","score",0,95.13
"SPP","score",1,95.13
"SPP","score",2,95.13
"SPP","score",3,95.13
"SPP","score",4,95.13
"SPP","score",5,95.13
"SPP","score",6,95.13
"SPP","score",7,95.13
"SPP","score",8,95.13
"SPP","score",9,95.13
"SPP","score",10,95.13
"SPP","score",11,95.13
"SPP","score",12,95.13
"SPP","score",13,95.13
"SPP","score",14,95.13
"SPP","status",0,90.26
"SPP","status",1,90.26
"SPP","status",2,90.26
"SPP","status",3,90.26
"SPP","status",4,90.26
"SPP","status",5,90.26
"SPP","status",6,90.26
"SPP","status",7,90.26
"SPP","status",8,90.26
"SPP","status",9,90.26
"SPP","status",10,90.26
"SPP","status",11,90.26
"SPP","status",12,90.26
"SPP","status",13,90.26
"SPP","status",14,90.26
"SPP","trend",1,-0.03
"SPP","trend",2,-0.03
"SPP","trend",3,-0.03
"SPP","trend",4,-0.03
"SPP","trend",5,-0.03
"SPP","trend",6,-0.03
"SPP","trend",7,-0.03
"SPP","trend",8,-0.03
"SPP","trend",9,-0.03
"SPP","trend",10,-0.03
"SPP","trend",11,-0.03
"SPP","trend",12,-0.03
"SPP","trend",13,-0.03
"SPP","trend",14,-0.03
"TR","future",0,100
"TR","future",1,100
"TR","future",2,100
"TR","future",3,100
"TR","future",4,100
"TR","future",5,100
"TR","future",6,100
"TR","future",7,100
"TR","future",8,100
"TR","future",9,100
"TR","future",10,100
"TR","future",11,100
"TR","future",12,100
"TR","future",13,100
"TR","future",14,100
"TR","pressures",1,37.22
"TR","pressures",2,37.22
"TR","pressures",3,37.22
"TR","pressures",4,37.22
"TR","pressures",5,37.22
"TR","pressures",6,37.22
"TR","pressures",7,37.22
"TR","pressures",8,37.22
"TR","pressures",9,37.22
"TR","pressures",10,37.22
"TR","pressures",11,37.22
"TR","pressures",12,37.22
"TR","pressures",13,37.22
"TR","pressures",14,37.22
"TR","resilience",1,93.25
"TR","resilience",2,93.25
"TR","resilience",3,93.25
"TR","resilience",4,93.25
"TR","resilience",5,93.25
"TR","resilience",6,93.25
"TR","resilience",7,93.25
"TR","resilience",8,93.25
"TR","resilience",9,93.25
"TR","resilience",10,93.25
"TR","resilience",11,93.25
"TR","resilience",12,93.25
"TR","resilience",13,93.25
"TR","resilience",14,93.25
"TR","score",0,100
"TR","score",1,100
"TR","score",2,100
"TR","score",3,100
"TR","score",4,100
"TR","score",5,100
"TR","score",6,100
"TR","score",7,100
"TR","score",8,100
"TR","score",9,100
"TR","score",10,100
"TR","score",11,100
"TR","score",12,100
"TR","score",13,100
"TR","score",14,100
"TR","status",0,100
"TR","status",1,100
"TR","status",2,100
"TR","status",3,100
"TR","status",4,100
"TR","status",5,100
"TR","status",6,100
"TR","status",7,100
"TR","status",8,100
"TR","status",9,100
"TR","status",10,100
"TR","status",11,100
"TR","status",12,100
"TR","status",13,100
"TR","status",14,100
"TR","trend",1,0.13
"TR","trend",2,0.13
"TR","trend",3,0.13
"TR","trend",4,0.13
"TR","trend",5,0.13
"TR","trend",6,0.13
"TR","trend",7,0.13
"TR","trend",8,0.13
"TR","trend",9,0.13
"TR","trend",10,0.13
"TR","trend",11,0.13
"TR","trend",12,0.13
"TR","trend",13,0.13
"TR","trend",14,0.13
